"Sample","mRNA","Histology","CIMP_status","survival","status","IDH_status","Gender","Subtype","cutoff_group"
"GSM405201","5.8209","Oligodendroglioma","","117.8","1","Mutant","Female","","low"
"GSM405202","6.518","Oligodendroglioma","","140","1","Mutant","Male","","high"
"GSM405203","5.6783","Oligodendroglioma","","107","1","Wild_type","Male","","low"
"GSM405204","5.6179","Oligodendroglioma","","103.1","1","Wild_type","Male","","low"
"GSM405205","5.752","Oligodendroglioma","","38.9","1","Mutant","Male","","low"
"GSM405206","5.9973","Oligodendroglioma","","81.7","1","Wild_type","Male","","low"
"GSM405207","5.7104","Oligodendroglioma","","97.4","1","Wild_type","Female","","low"
"GSM405208","5.726","Oligodendroglioma","","36.5","1","Mutant","Male","","low"
"GSM405210","5.7087","Oligodendroglioma","","123.4","1","Mutant","Male","","low"
"GSM405211","5.8935","Oligodendroglioma","","22","1","Mutant","Male","","low"
"GSM405212","5.6286","Oligodendroglioma","","209.9","1","Wild_type","Male","","low"
"GSM405213","6.2875","GBM","NON G-CIMP","16.1","1","Wild_type","Male","Classical","low"
"GSM405214","7.1066","GBM","NON G-CIMP","18","1","Wild_type","Male","Mesenchymal","high"
"GSM405215","6.3572","GBM","NON G-CIMP","27.6","1","Wild_type","Male","Proneural","low"
"GSM405216","5.9888","GBM","G-CIMP","39.4","1","Wild_type","Male","Proneural","low"
"GSM405217","6.5612","GBM","G-CIMP","81.2","0","Mutant","Male","Mesenchymal","high"
"GSM405218","6.6765","GBM","NON G-CIMP","7.7","1","Wild_type","Male","Mesenchymal","high"
"GSM405219","6.8088","GBM","NON G-CIMP","7","1","","Male","Classical","high"
"GSM405220","5.7933","GBM","NON G-CIMP","15.2","1","Wild_type","Male","Mesenchymal","low"
"GSM405221","6.7137","GBM","NON G-CIMP","8.3","1","","Male","Mesenchymal","high"
"GSM405222","6.1456","GBM","NON G-CIMP","15.6","1","","Male","Proneural","low"
"GSM405223","6.2319","GBM","NON G-CIMP","23","1","Wild_type","Female","Proneural","low"
"GSM405224","6.5875","GBM","NON G-CIMP","5.8","1","Wild_type","Male","Proneural","high"
"GSM405225","5.8741","Mixed glioma","","41.6","1","","Male","","low"
"GSM405226","6.5962","Mixed glioma","","3.4","1","","Female","","high"
"GSM405227","5.405","Oligodendroglioma","","57.2","1","","Female","","low"
"GSM405228","6.6644","GBM","NON G-CIMP","8.5","1","Wild_type","Male","Classical","high"
"GSM405229","6.154","GBM","NON G-CIMP","7.9","1","Wild_type","Female","Proneural","low"
"GSM405230","6.4494","GBM","NON G-CIMP","5.6","1","Wild_type","Female","Mesenchymal","low"
"GSM405231","6.3885","GBM","NON G-CIMP","15.1","1","","Female","Classical","low"
"GSM405232","5.3635","GBM","NON G-CIMP","11.8","1","Mutant","Male","Proneural","low"
"GSM405233","7.0155","GBM","NON G-CIMP","10.3","1","Wild_type","Male","Mesenchymal","high"
"GSM405234","6.1083","GBM","NON G-CIMP","7.4","1","","Female","Proneural","low"
"GSM405235","6.7208","GBM","NON G-CIMP","2.5","1","Wild_type","Male","Mesenchymal","high"
"GSM405236","6.5264","GBM","NON G-CIMP","12.4","1","Wild_type","Male","Mesenchymal","high"
"GSM405237","6.8121","GBM","NON G-CIMP","4.9","1","Wild_type","Male","Mesenchymal","high"
"GSM405238","6.5364","GBM","NON G-CIMP","11.3","1","Wild_type","Male","Proneural","high"
"GSM405239","6.7795","GBM","NON G-CIMP","7.1","1","Wild_type","Female","Mesenchymal","high"
"GSM405240","6.5361","GBM","NON G-CIMP","79.4","0","Mutant","Male","Mesenchymal","high"
"GSM405241","6.52","GBM","NON G-CIMP","1.9","1","","Male","Mesenchymal","high"
"GSM405242","6.2875","GBM","G-CIMP","2.2","1","","Male","Proneural","low"
"GSM405243","6.5287","GBM","NON G-CIMP","10.6","1","","Male","Proneural","high"
"GSM405244","6.2529","GBM","G-CIMP","24.6","1","Mutant","Male","Proneural","low"
"GSM405245","6.4477","GBM","G-CIMP","16.8","1","Wild_type","Male","Proneural","low"
"GSM405246","5.6102","GBM","G-CIMP","75.7","1","Mutant","Male","Proneural","low"
"GSM405247","5.865","GBM","NON G-CIMP","19.1","1","Wild_type","Male","Classical","low"
"GSM405248","6.3064","GBM","NON G-CIMP","10.1","1","Mutant","Male","Classical","low"
"GSM405249","5.5723","GBM","G-CIMP","0.5","1","Mutant","Male","Proneural","low"
"GSM405250","6.1109","Astrocytoma","","17.8","1","Mutant","Female","","low"
"GSM405251","5.9534","GBM","G-CIMP","38.5","1","","Female","Proneural","low"
"GSM405252","6.775","GBM","NON G-CIMP","4.4","1","Wild_type","Male","Mesenchymal","high"
"GSM405253","6.3882","GBM","NON G-CIMP","150.7","0","Wild_type","Male","Proneural","low"
"GSM405254","6.7587","GBM","NON G-CIMP","7.1","1","Wild_type","Male","Classical","high"
"GSM405255","6.4449","GBM","NON G-CIMP","13","1","Wild_type","Male","Classical","low"
"GSM405256","5.9262","Astrocytoma","","57.5","1","Mutant","Male","","low"
"GSM405257","5.7311","Oligodendroglioma","","130.3","0","Mutant","Male","","low"
"GSM405258","6.8122","Astrocytoma","","22.2","1","Wild_type","Male","","high"
"GSM405259","6.8464","Astrocytoma","","4.9","1","Wild_type","Male","","high"
"GSM405260","6.3452","GBM","NON G-CIMP","9.8","1","Wild_type","Male","Proneural","low"
"GSM405261","6.8763","Oligodendroglioma","","11.8","1","Mutant","Male","","high"
"GSM405262","6.1625","GBM","NON G-CIMP","34.7","1","Wild_type","Male","Classical","low"
"GSM405263","6.4647","GBM","NON G-CIMP","18.6","1","Wild_type","Male","Mesenchymal","high"
"GSM405264","6.6353","GBM","NON G-CIMP","3.8","1","Wild_type","Male","Mesenchymal","high"
"GSM405265","7.0713","Astrocytoma","","21.7","1","Wild_type","Female","","high"
"GSM405266","6.3369","GBM","NON G-CIMP","3","1","Wild_type","Male","Proneural","low"
"GSM405267","6.3698","GBM","NON G-CIMP","7.8","1","","Female","Classical","low"
"GSM405268","6.8597","GBM","NON G-CIMP","7.7","1","Wild_type","Male","Proneural","high"
"GSM405269","6.9477","GBM","NON G-CIMP","0.4","1","Wild_type","Male","Classical","high"
"GSM405270","6.7017","GBM","NON G-CIMP","7","1","Wild_type","Female","Classical","high"
"GSM405271","6.6833","GBM","NON G-CIMP","3.6","1","","Male","Proneural","high"
"GSM405272","6.5464","Oligodendroglioma","","12","0","Wild_type","Female","","high"
"GSM405273","6.7228","Mixed glioma","","6.5","1","Wild_type","Male","","high"
"GSM405274","6.4757","GBM","NON G-CIMP","15.5","1","Wild_type","Female","Mesenchymal","high"
"GSM405275","6.4466","GBM","G-CIMP","41.5","1","","Female","Proneural","low"
"GSM405276","7.1279","GBM","NON G-CIMP","3.4","1","Wild_type","Male","Mesenchymal","high"
"GSM405277","6.3815","Astrocytoma","","33.1","1","Mutant","Male","","low"
"GSM405278","6.8781","GBM","NON G-CIMP","8.8","1","Wild_type","Male","Mesenchymal","high"
"GSM405279","6.1581","Mixed glioma","","8.5","1","Wild_type","Female","","low"
"GSM405280","6.3961","GBM","NON G-CIMP","29.5","1","Wild_type","Female","Mesenchymal","low"
"GSM405281","6.6752","Astrocytoma","","39.8","1","Wild_type","Male","","high"
"GSM405282","6.7817","GBM","NON G-CIMP","1.4","1","Wild_type","Male","Mesenchymal","high"
"GSM405283","5.4174","Mixed glioma","","48.8","1","","Male","","low"
"GSM405284","6.127","Mixed glioma","","19.2","1","","Female","","low"
"GSM405285","6.2049","Mixed glioma","","15.2","1","","Male","","low"
"GSM405286","5.4377","Mixed glioma","","37.9","1","","Male","","low"
"GSM405287","5.3442","Oligodendroglioma","","82.4","1","","Male","","low"
"GSM405288","6.4468","Mixed glioma","","18.4","1","","Male","","low"
"GSM405289","6.3293","Astrocytoma","","2.3","1","Wild_type","Male","","low"
"GSM405290","6.3539","GBM","NON G-CIMP","13.9","1","","Female","Mesenchymal","low"
"GSM405291","6.4851","Astrocytoma","","75.2","1","Mutant","Male","","high"
"GSM405292","6.454","GBM","NON G-CIMP","13.3","1","Wild_type","Male","Classical","low"
"GSM405293","6.1367","GBM","NON G-CIMP","10.6","1","Mutant","Male","Mesenchymal","low"
"GSM405294","6.0591","GBM","NON G-CIMP","9.6","1","Wild_type","Male","Classical","low"
"GSM405295","6.2425","Astrocytoma","","23.9","1","","Male","","low"
"GSM405296","6.3918","GBM","NON G-CIMP","3.5","1","Wild_type","Female","Proneural","low"
"GSM405297","6.8208","GBM","NON G-CIMP","8.6","1","Wild_type","Female","Classical","high"
"GSM405298","6.0109","Mixed glioma","","23.5","1","Mutant","Female","","low"
"GSM405299","6.6728","GBM","NON G-CIMP","21","1","","Female","Classical","high"
"GSM405300","6.6109","Mixed glioma","","34.1","1","Mutant","Male","","high"
"GSM405301","6.8253","GBM","NON G-CIMP","3.6","1","","Male","Mesenchymal","high"
"GSM405302","6.7979","GBM","NON G-CIMP","8.9","1","Wild_type","Male","Proneural","high"
"GSM405303","6.7156","GBM","NON G-CIMP","6.6","1","Wild_type","Male","Classical","high"
"GSM405304","6.7138","GBM","NON G-CIMP","6.7","1","Wild_type","Male","Mesenchymal","high"
"GSM405305","7.2528","GBM","NON G-CIMP","12.7","1","Mutant","Male","Mesenchymal","high"
"GSM405306","6.6937","Pilocytic Astrocytoma","","97.9","0","Mutant","Male","","high"
"GSM405307","7.1048","GBM","NON G-CIMP","4","1","Wild_type","Male","Mesenchymal","high"
"GSM405308","6.8631","GBM","G-CIMP","37.2","0","Mutant","Male","Proneural","high"
"GSM405309","7.0839","GBM","NON G-CIMP","3.1","1","Mutant","Female","Proneural","high"
"GSM405310","5.6074","Mixed glioma","","81.6","0","Mutant","Male","","low"
"GSM405311","7.0018","Astrocytoma","","89.8","0","Wild_type","Male","","high"
"GSM405312","6.4231","GBM","NON G-CIMP","12.2","1","Wild_type","Male","Classical","low"
"GSM405313","7.0174","GBM","NON G-CIMP","39.7","1","Mutant","Male","Mesenchymal","high"
"GSM405314","6.5191","GBM","NON G-CIMP","7.8","1","Wild_type","Male","Proneural","high"
"GSM405315","6.4249","GBM","NON G-CIMP","4.2","1","Wild_type","Male","Proneural","low"
"GSM405316","6.4348","Mixed glioma","","124.1","1","Wild_type","Male","","low"
"GSM405317","7.1439","GBM","NON G-CIMP","5.4","1","Wild_type","Female","Mesenchymal","high"
"GSM405318","6.2281","Oligodendroglioma","","74.5","0","Mutant","Male","","low"
"GSM405319","5.9014","Oligodendroglioma","","67.4","1","Mutant","Male","","low"
"GSM405320","6.9678","GBM","NON G-CIMP","7.2","1","Wild_type","Male","Mesenchymal","high"
"GSM405321","6.8798","Astrocytoma","","47.6","1","Mutant","Female","","high"
"GSM405322","7.4544","GBM","NON G-CIMP","13.7","1","Wild_type","Male","Mesenchymal","high"
"GSM405323","6.2099","GBM","NON G-CIMP","7.4","1","Wild_type","Female","Classical","low"
"GSM405324","6.7573","GBM","NON G-CIMP","8","1","Wild_type","Male","Mesenchymal","high"
"GSM405325","6.3431","Mixed glioma","","43.8","1","Mutant","Male","","low"
"GSM405326","6.4424","GBM","NON G-CIMP","3.2","1","Mutant","Male","Classical","low"
"GSM405327","5.8669","Oligodendroglioma","","39.6","1","Mutant","Male","","low"
"GSM405328","6.5738","GBM","NON G-CIMP","27.1","1","Wild_type","Male","Classical","high"
"GSM405329","5.8424","Oligodendroglioma","","60.2","1","Mutant","Male","","low"
"GSM405330","6.2286","GBM","G-CIMP","8.5","1","Mutant","Female","Proneural","low"
"GSM405331","6.2981","Oligodendroglioma","","98.8","0","Mutant","Female","","low"
"GSM405333","5.5712","Oligodendroglioma","","109.3","1","","Female","","low"
"GSM405334","7.1583","Oligodendroglioma","","17.6","1","","Female","","high"
"GSM405335","5.7601","Oligodendroglioma","","89.3","1","Mutant","Female","","low"
"GSM405337","6.6585","GBM","NON G-CIMP","3.4","1","Wild_type","Female","Classical","high"
"GSM405338","5.5428","Oligodendroglioma","","95.5","1","Mutant","Female","","low"
"GSM405339","6.8509","GBM","NON G-CIMP","","0","Wild_type","Female","Classical","high"
"GSM405340","6.6983","GBM","G-CIMP","66.7","0","Mutant","Female","Proneural","high"
"GSM405341","6.7341","Mixed glioma","","7.6","1","Mutant","Female","","high"
"GSM405342","6.1509","Oligodendroglioma","","35.9","1","Mutant","Female","","low"
"GSM405343","7.1089","GBM","NON G-CIMP","","0","Wild_type","Male","Mesenchymal","high"
"GSM405344","5.8295","Oligodendroglioma","","14.3","1","Wild_type","Male","","low"
"GSM405345","6.5015","GBM","NON G-CIMP","10.7","1","Wild_type","Male","Mesenchymal","high"
"GSM405346","6.376","Pilocytic Astrocytoma","","78","0","","Female","","low"
"GSM405347","6.3306","Mixed glioma","","2.3","1","Mutant","Male","","low"
"GSM405348","6.4517","Pilocytic Astrocytoma","","0.4","0","","Female","","low"
"GSM405349","6.0914","GBM","NON G-CIMP","28.9","1","Wild_type","Female","Classical","low"
"GSM405350","6.671","GBM","G-CIMP","7.3","1","Mutant","Female","Proneural","high"
"GSM405351","6.8138","GBM","NON G-CIMP","14.6","1","Mutant","Female","Classical","high"
"GSM405352","5.7767","GBM","NON G-CIMP","4.8","1","Wild_type","Female","Classical","low"
"GSM405353","6.8629","GBM","NON G-CIMP","8.4","1","Wild_type","Male","Mesenchymal","high"
"GSM405354","6.8145","Astrocytoma","","13.2","1","Mutant","Male","","high"
"GSM405355","6.4531","Astrocytoma","","14.3","1","Wild_type","Female","","low"
"GSM405356","6.699","GBM","G-CIMP","2.2","1","Mutant","Female","Proneural","high"
"GSM405361","6.6066","Oligodendroglioma","","19.7","1","Wild_type","Female","","high"
"GSM405362","6.6809","GBM","NON G-CIMP","12.7","1","Wild_type","Male","Classical","high"
"GSM405363","6.4119","GBM","NON G-CIMP","117.5","1","Mutant","Female","Proneural","low"
"GSM405364","6.4274","Oligodendroglioma","","118.2","1","Mutant","Female","","low"
"GSM405365","6.6457","GBM","NON G-CIMP","31.9","1","Wild_type","Male","Proneural","high"
"GSM405366","5.7499","Oligodendroglioma","","26.5","1","Mutant","Male","","low"
"GSM405367","6.3841","GBM","G-CIMP","31.4","1","Wild_type","Male","Proneural","low"
"GSM405368","6.1853","GBM","NON G-CIMP","21.7","1","","Female","Proneural","low"
"GSM405369","5.7201","GBM","G-CIMP","49.6","1","Mutant","Female","Proneural","low"
"GSM405370","5.8893","GBM","G-CIMP","19.3","1","Wild_type","Male","Proneural","low"
"GSM405371","6.7448","GBM","NON G-CIMP","23","1","","Female","Proneural","high"
"GSM405372","6.1349","GBM","G-CIMP","39.8","1","","Male","Proneural","low"
"GSM405373","6.622","GBM","NON G-CIMP","14.5","1","","Male","Classical","high"
"GSM405374","6.8924","GBM","NON G-CIMP","14.5","1","Wild_type","Male","Mesenchymal","high"
"GSM405375","6.7382","GBM","NON G-CIMP","0.7","1","Wild_type","Female","Mesenchymal","high"
"GSM405376","6.6557","GBM","NON G-CIMP","22.2","1","Wild_type","Male","Classical","high"
"GSM405377","6.7116","Oligodendroglioma","","7.2","1","Wild_type","Male","","high"
"GSM405378","5.9048","Oligodendroglioma","","0","1","Wild_type","Male","","low"
"GSM405379","6.5276","GBM","NON G-CIMP","0.6","1","Wild_type","Male","Proneural","high"
"GSM405380","5.8329","Oligodendroglioma","","72.5","1","Mutant","Female","","low"
"GSM405381","6.3273","Oligodendroglioma","","189.8","1","Mutant","Female","","low"
"GSM405382","5.8501","Mixed glioma","","58.3","1","","Male","","low"
"GSM405383","6.6338","Astrocytoma","","15.8","1","Wild_type","Male","","high"
"GSM405384","6.7012","GBM","NON G-CIMP","0.2","0","Wild_type","Female","Mesenchymal","high"
"GSM405385","6.5479","GBM","G-CIMP","15.1","0","Mutant","Male","Proneural","high"
"GSM405386","5.8782","Oligodendroglioma","","45.1","1","Mutant","Male","","low"
"GSM405387","5.7052","Mixed glioma","","136.9","1","Mutant","Female","","low"
"GSM405388","6.3559","Mixed glioma","","6.4","1","Wild_type","Male","","low"
"GSM405389","5.9501","GBM","NON G-CIMP","66.7","0","","Female","Classical","low"
"GSM405390","6.4946","Mixed glioma","","0.2","1","Wild_type","Male","","high"
"GSM405391","6.577","GBM","NON G-CIMP","12.6","1","","Female","Classical","high"
"GSM405392","6.2239","GBM","NON G-CIMP","5.6","1","","Male","Classical","low"
"GSM405393","6.4206","GBM","NON G-CIMP","1","1","Wild_type","Male","Proneural","low"
"GSM405394","6.0325","Astrocytoma","","10.3","0","Wild_type","Male","","low"
"GSM405395","5.6159","Mixed glioma","","45.1","1","Mutant","Male","","low"
"GSM405396","6.1804","GBM","NON G-CIMP","0.2","1","Mutant","Male","Classical","low"
"GSM405397","6.4339","GBM","NON G-CIMP","4.2","1","Wild_type","Male","Proneural","low"
"GSM405398","6.6258","GBM","NON G-CIMP","","1","Wild_type","Male","Classical","high"
"GSM405399","6.1265","Mixed glioma","","14.2","1","Wild_type","Male","","low"
"GSM405400","6.2273","Astrocytoma","","5.4","1","Wild_type","Male","","low"
"GSM405401","6.6266","Astrocytoma","","23.6","1","","Female","","high"
"GSM405402","6.8298","Astrocytoma","","54.6","0","Wild_type","Female","","high"
"GSM405403","6.7602","Astrocytoma","","0.5","1","","Male","","high"
"GSM405404","7.1515","Oligodendroglioma","","0.5","1","Mutant","Male","","high"
"GSM405405","6.4609","GBM","NON G-CIMP","7.3","1","Wild_type","Male","Classical","high"
"GSM405406","6.2632","Oligodendroglioma","","20.3","1","","Female","","low"
"GSM405407","6.2507","Astrocytoma","","9.8","1","Wild_type","Male","","low"
"GSM405408","6.3569","Oligodendroglioma","","21.4","1","","Female","","low"
"GSM405409","6.0997","Oligodendroglioma","","124.3","1","","Male","","low"
"GSM405410","5.7449","Oligodendroglioma","","248.2","1","Wild_type","Male","","low"
"GSM405411","6.409","Astrocytoma","","0.6","1","Wild_type","Female","","low"
"GSM405412","5.9582","GBM","NON G-CIMP","7.8","1","Wild_type","Male","Classical","low"
"GSM405413","6.1663","Astrocytoma","","14.4","1","Mutant","Male","","low"
"GSM405414","6.3972","Oligodendroglioma","","64","1","Wild_type","Male","","low"
"GSM405415","6.7042","GBM","NON G-CIMP","6","1","Wild_type","Male","Mesenchymal","high"
"GSM405416","6.9579","GBM","NON G-CIMP","4.1","1","","Male","Mesenchymal","high"
"GSM405417","6.246","GBM","NON G-CIMP","0.2","1","","Male","Classical","low"
"GSM405418","6.0524","GBM","G-CIMP","62","1","Mutant","Male","Proneural","low"
"GSM405419","6.1404","GBM","G-CIMP","35.2","1","Mutant","Male","Proneural","low"
"GSM405420","6.1256","Oligodendroglioma","","36","1","Mutant","Female","","low"
"GSM405421","6.5948","Astrocytoma","","73","0","Wild_type","Female","","high"
"GSM405422","6.7302","GBM","NON G-CIMP","10.9","1","Wild_type","Female","Classical","high"
"GSM405423","6.4028","Astrocytoma","","73.4","1","Mutant","Male","","low"
"GSM405424","6.2957","Astrocytoma","","38.4","1","Mutant","Female","","low"
"GSM405425","6.1644","Oligodendroglioma","","192.6","1","Mutant","Male","","low"
"GSM405426","6.7774","GBM","NON G-CIMP","0.6","1","Mutant","Male","Classical","high"
"GSM405427","6.4634","GBM","NON G-CIMP","18.4","1","","Female","Classical","high"
"GSM405428","6.4619","GBM","NON G-CIMP","9.5","1","Wild_type","Female","Classical","high"
"GSM405429","6.0824","Mixed glioma","","224.6","1","Mutant","Male","","low"
"GSM405430","7.231","GBM","NON G-CIMP","4.2","1","Wild_type","Male","Mesenchymal","high"
"GSM405431","5.8051","GBM","NON G-CIMP","11","1","Wild_type","Male","Proneural","low"
"GSM405432","6.4824","GBM","NON G-CIMP","6.6","1","","Male","Mesenchymal","high"
"GSM405433","6.3098","Astrocytoma","","58.9","0","","Male","","low"
"GSM405434","6.4756","GBM","NON G-CIMP","2.9","1","","Male","Classical","high"
"GSM405435","6.1581","Mixed glioma","","3.1","1","Mutant","Male","","low"
"GSM405436","6.4502","GBM","NON G-CIMP","5.8","1","Mutant","Male","Classical","low"
"GSM405437","6.1757","Oligodendroglioma","","41.3","0","Mutant","Male","","low"
"GSM405438","6.6173","GBM","NON G-CIMP","27.6","1","Wild_type","Female","Classical","high"
"GSM405439","6.6192","Mixed glioma","","44.4","0","Wild_type","Male","","high"
"GSM405440","6.6508","GBM","NON G-CIMP","6.4","1","","Male","Mesenchymal","high"
"GSM405441","6.1643","Oligodendroglioma","","39.2","0","Wild_type","Female","","low"
"GSM405442","6.8975","GBM","NON G-CIMP","3.6","1","Wild_type","Female","Mesenchymal","high"
"GSM405443","6.508","GBM","NON G-CIMP","11.8","1","Wild_type","Male","Classical","high"
"GSM405444","6.3737","Astrocytoma","","34.1","0","Wild_type","Male","","low"
"GSM405445","6.4102","Oligodendroglioma","","40","0","Wild_type","Male","","low"
"GSM405446","6.677","GBM","NON G-CIMP","8.8","1","Mutant","Male","Mesenchymal","high"
"GSM405447","7.5292","GBM","NON G-CIMP","33.5","1","","Male","Mesenchymal","high"
"GSM405448","7.4523","GBM","NON G-CIMP","5.8","1","","Female","Mesenchymal","high"
"GSM405449","6.2367","Oligodendroglioma","","24.2","1","Wild_type","Female","","low"
"GSM405450","6.6342","Mixed glioma","","159.6","0","","Female","","high"
"GSM405451","6.3954","Mixed glioma","","44.3","1","Mutant","Male","","low"
"GSM405452","6.7854","GBM","NON G-CIMP","4.2","1","Wild_type","Female","Proneural","high"
"GSM405453","7.0033","GBM","NON G-CIMP","2.5","1","Wild_type","Male","Mesenchymal","high"
"GSM405454","6.6186","GBM","NON G-CIMP","39.8","1","Mutant","Male","Mesenchymal","high"
"GSM405455","6.6032","GBM","NON G-CIMP","2.8","1","Mutant","Female","Classical","high"
"GSM405456","7.9853","GBM","NON G-CIMP","","0","Wild_type","Male","Mesenchymal","high"
"GSM405457","6.7305","Oligodendroglioma","","3.6","1","Wild_type","Male","","high"
"GSM405458","6.4525","GBM","NON G-CIMP","19","1","Wild_type","Male","Classical","low"
"GSM405459","7.5747","GBM","NON G-CIMP","13.7","1","Wild_type","Female","Mesenchymal","high"
"GSM405460","6.8132","Oligodendroglioma","","5.8","1","Wild_type","Male","","high"
"GSM405461","6.5312","GBM","NON G-CIMP","9.1","1","Wild_type","Female","Proneural","high"
"GSM405462","6.5374","Astrocytoma","","90.2","1","Wild_type","Male","","high"
"GSM405463","7.1408","GBM","NON G-CIMP","26.6","1","Wild_type","Female","Mesenchymal","high"
"GSM405464","6.72","GBM","NON G-CIMP","6.7","1","Wild_type","Male","Classical","high"
"GSM405465","6.7787","GBM","NON G-CIMP","7.6","1","Wild_type","Male","Classical","high"
"GSM405466","6.8531","GBM","NON G-CIMP","3.4","1","Wild_type","Male","Classical","high"
"GSM405467","5.9386","Oligodendroglioma","","16.1","1","Mutant","Female","","low"
"GSM405468","7.4099","Pilocytic Astrocytoma","","84.5","0","Wild_type","Female","","high"
"GSM405469","6.2351","Oligodendroglioma","","66.7","0","Mutant","Male","","low"
"GSM405470","7.2603","GBM","G-CIMP","23","1","Mutant","Male","Proneural","high"
"GSM405471","6.9315","GBM","NON G-CIMP","1.8","1","Mutant","Female","Mesenchymal","high"
"GSM405472","7.6704","GBM","NON G-CIMP","4.1","1","Mutant","Female","Proneural","high"
"GSM405473","7.2523","GBM","NON G-CIMP","13.4","1","Wild_type","Male","Classical","high"
"GSM405474","7.1858","GBM","NON G-CIMP","3.5","1","Wild_type","Female","Classical","high"
"GSM405475","6.0013","GBM","G-CIMP","12.6","1","Wild_type","Female","Proneural","low"
"GSM405476","6.647","Mixed glioma","","15.7","1","Wild_type","Female","","high"
"GSM405477","6.9217","GBM","NON G-CIMP","1.3","1","","Male","Proneural","high"
"GSM405478","6.8453","Oligodendroglioma","","72.7","1","","Male","","high"
"GSM405479","7.0427","GBM","NON G-CIMP","4.6","1","Mutant","Male","Mesenchymal","high"
"GSM405480","6.5223","Pilocytic Astrocytoma","","75.7","0","Wild_type","Male","","high"
"GSM405481","6.9274","Pilocytic Astrocytoma","","124.4","0","","Male","","high"
"GSM405482","6.3986","Pilocytic Astrocytoma","","134.5","0","Wild_type","Female","","low"
"GSM405483","6.5369","Pilocytic Astrocytoma","","","0","Wild_type","Male","","high"