"Sample","mRNA","Histology","Recurrence","Subtype","survival","status","IDH_status","Gender","cutoff_group"
"TCGA.02.0047","10.3825145505055","GBM","Primary","LGm6-GBM","14.7","1","Wild_type","Male","high"
"TCGA.02.0055","11.7481439061688","GBM","","Mesenchymal-like","2.5","1","Wild_type","Female","high"
"TCGA.02.2483","9.30679811919183","GBM","Primary","G-CIMP-low","15.3","0","Mutant","Male","high"
"TCGA.02.2485","8.34756866439445","GBM","Primary","Classic-like","15.4","0","Wild_type","Male","high"
"TCGA.02.2486","11.9869216334192","GBM","Primary","Classic-like","20.3","1","Wild_type","Male","high"
"TCGA.06.0125","9.11101748440777","GBM","Primary","Classic-like","47.6","1","Wild_type","Female","high"
"TCGA.06.0129","10.3769586333701","GBM","Primary","G-CIMP-low","33.7","1","Mutant","Male","high"
"TCGA.06.0130","10.7674817498563","GBM","Primary","Mesenchymal-like","12.9","1","Wild_type","Male","high"
"TCGA.06.0132","11.2406003710856","GBM","Primary","","25.4","1","Wild_type","Male","high"
"TCGA.06.0138","10.9071416177341","GBM","Primary","","24.2","1","Wild_type","Male","high"
"TCGA.06.0141","12.5255919143948","GBM","Primary","LGm6-GBM","10.3","1","Wild_type","Male","high"
"TCGA.06.0156","10.7341262437169","GBM","Primary","","5.8","1","Mutant","Male","high"
"TCGA.06.0157","9.19920903775771","GBM","Primary","","3.2","1","Wild_type","Female","high"
"TCGA.06.0158","10.5134228413119","GBM","Primary","","10.8","1","Wild_type","Male","high"
"TCGA.06.0168","10.4221274358207","GBM","Primary","","19.7","1","Wild_type","Female","high"
"TCGA.06.0174","9.47480895897693","GBM","Primary","","3.2","1","Wild_type","Male","high"
"TCGA.06.0178","9.12775784916625","GBM","Primary","","88.1","1","Mutant","Male","high"
"TCGA.06.0184","11.5248120113913","GBM","Primary","","69.9","1","Wild_type","Male","high"
"TCGA.06.0187","10.0165801678688","GBM","Primary","","27.2","1","Wild_type","Male","high"
"TCGA.06.0190","11.2923285931561","GBM","Primary","","10.4","1","Wild_type","Male","high"
"TCGA.06.0210","11.5641921317618","GBM","Primary","","7.4","1","Wild_type","Female","high"
"TCGA.06.0211","8.75309036155136","GBM","Primary","","11.8","1","Wild_type","Male","high"
"TCGA.06.0219","9.68967306646194","GBM","Primary","","0.7","1","Wild_type","Male","high"
"TCGA.06.0238","9.66108668527238","GBM","Primary","","13.3","1","Wild_type","Male","high"
"TCGA.06.0644","9.29201028080403","GBM","Primary","","12.6","1","Wild_type","Male","high"
"TCGA.06.0645","11.9149274984797","GBM","Primary","","5.8","1","Wild_type","Female","high"
"TCGA.06.0646","11.3946072784209","GBM","Primary","","5.8","1","Wild_type","Male","high"
"TCGA.06.0649","10.9256400347676","GBM","Primary","","2.1","1","Wild_type","Female","high"
"TCGA.06.0686","9.73995945912474","GBM","Primary","","14.2","1","Wild_type","Male","high"
"TCGA.06.0743","9.2736604130546","GBM","Primary","","26.4","1","Wild_type","Male","high"
"TCGA.06.0744","9.15283772719265","GBM","Primary","","46.9","1","Wild_type","Male","high"
"TCGA.06.0745","10.392486156706","GBM","Primary","","7.9","1","Wild_type","Male","high"
"TCGA.06.0747","9.08536968092658","GBM","Primary","","2.7","1","Wild_type","Male","high"
"TCGA.06.0749","10.5163538300359","GBM","Primary","","2.7","1","Wild_type","Male","high"
"TCGA.06.0750","10.0895482023533","GBM","Primary","","0.9","1","Wild_type","Male","high"
"TCGA.06.0878","10.6109196353963","GBM","Primary","Mesenchymal-like","7.2","0","Wild_type","Male","high"
"TCGA.06.0882","10.7091605991139","GBM","Primary","LGm6-GBM","20.8","1","Wild_type","Male","high"
"TCGA.06.1804","8.98258095052989","GBM","Primary","Classic-like","13.6","1","Wild_type","Female","high"
"TCGA.06.2557","10.2725411445629","GBM","Primary","Classic-like","1.1","1","Wild_type","Male","high"
"TCGA.06.2558","9.09663530997823","GBM","Primary","Mesenchymal-like","12.5","1","Wild_type","Female","high"
"TCGA.06.2559","10.2776576172262","GBM","Primary","Mesenchymal-like","4.9","1","Wild_type","Male","high"
"TCGA.06.2561","10.3439128770285","GBM","Primary","Mesenchymal-like","17.6","1","Wild_type","Female","high"
"TCGA.06.2562","10.8032318807198","GBM","Primary","Classic-like","12.6","1","Wild_type","Male","high"
"TCGA.06.2563","8.4618657513404","GBM","Primary","Classic-like","30.6","0","Wild_type","Female","high"
"TCGA.06.2564","10.49299828182","GBM","Primary","Mesenchymal-like","6","0","Wild_type","Male","high"
"TCGA.06.2565","7.90355411494353","GBM","Primary","Classic-like","16.6","1","Wild_type","Male","low"
"TCGA.06.2567","9.9727739181758","GBM","Primary","Mesenchymal-like","4.4","1","Wild_type","Male","high"
"TCGA.06.2569","5.92867825461252","GBM","Primary","LGm6-GBM","0.4","0","Wild_type","Female","low"
"TCGA.06.2570","10.5123546063128","GBM","Primary","G-CIMP-low","31.5","0","Mutant","Female","high"
"TCGA.06.5408","9.09523454560991","GBM","Primary","Mesenchymal-like","11.7","1","Wild_type","Female","high"
"TCGA.06.5410","12.466305775076","GBM","Primary","LGm6-GBM","3.5","1","Wild_type","Female","high"
"TCGA.06.5411","9.4499636719685","GBM","Primary","Mesenchymal-like","8.3","1","Wild_type","Male","high"
"TCGA.06.5412","11.536389680861","GBM","Primary","Mesenchymal-like","4.5","1","Wild_type","Female","high"
"TCGA.06.5413","9.56475979049942","GBM","Primary","Classic-like","8.8","0","Wild_type","Male","high"
"TCGA.06.5414","10.8356485858946","GBM","Primary","Classic-like","9","0","Wild_type","Male","high"
"TCGA.06.5415","8.35055559018915","GBM","Primary","Classic-like","8.6","0","Wild_type","Male","high"
"TCGA.06.5416","6.29798372726552","GBM","Primary","","6.7","0","","Female","low"
"TCGA.06.5417","7.22260172574589","GBM","Primary","","5.1","0","Mutant","Female","low"
"TCGA.06.5418","10.9761619026841","GBM","Primary","Mesenchymal-like","2.7","1","Wild_type","Female","high"
"TCGA.06.5856","9.47362620643423","GBM","Primary","Classic-like","3.8","1","Wild_type","Male","high"
"TCGA.06.5858","10.1501598033342","GBM","Primary","LGm6-GBM","6.2","0","Wild_type","Female","high"
"TCGA.06.5859","9.82001665009285","GBM","Primary","Classic-like","4.6","0","Wild_type","Male","high"
"TCGA.08.0386","8.6249379823387","GBM","Primary","","18","1","Wild_type","Male","high"
"TCGA.12.0616","10.0445450752882","GBM","Primary","","14.7","1","Wild_type","Female","high"
"TCGA.12.0618","9.20469878043544","GBM","Primary","","13","1","Wild_type","Male","high"
"TCGA.12.0619","11.6902815920555","GBM","Primary","","34.9","1","Wild_type","Male","high"
"TCGA.12.0821","8.54965531043855","GBM","Primary","LGm6-GBM","10.6","1","Wild_type","Male","high"
"TCGA.12.1597","10.0861959489768","GBM","Primary","Classic-like","22.2","1","Wild_type","Female","high"
"TCGA.12.3650","9.24882109063769","GBM","Primary","Classic-like","10.9","1","Wild_type","Male","high"
"TCGA.12.3652","8.84754035659573","GBM","Primary","Classic-like","34.9","1","Wild_type","Male","high"
"TCGA.12.3653","9.30735429370816","GBM","Primary","Mesenchymal-like","14.5","1","Wild_type","Female","high"
"TCGA.12.5295","11.0609431814051","GBM","Primary","Classic-like","14.9","1","Wild_type","Female","high"
"TCGA.12.5299","9.78257156007603","GBM","Primary","Mesenchymal-like","3.2","1","Wild_type","Female","high"
"TCGA.14.0781","11.4395173831374","GBM","Primary","Mesenchymal-like","1","1","Wild_type","Male","high"
"TCGA.14.0787","9.30343783908116","GBM","Primary","Classic-like","2.2","1","Wild_type","Male","high"
"TCGA.14.0789","11.279410237968","GBM","Primary","Classic-like","11.2","1","Wild_type","Male","high"
"TCGA.14.0790","6.47957334166654","GBM","Primary","Classic-like","13.8","1","Wild_type","Female","low"
"TCGA.14.0817","10.3021632014868","GBM","Primary","Classic-like","5.4","1","Wild_type","Female","high"
"TCGA.14.1034","9.35489508868015","GBM","Primary","Classic-like","15.9","1","Wild_type","Female","high"
"TCGA.14.1823","10.200646203259","GBM","Primary","Classic-like","17.9","1","Wild_type","Female","high"
"TCGA.14.1825","8.35869163534339","GBM","Primary","Mesenchymal-like","7.6","1","Wild_type","Male","high"
"TCGA.14.1829","9.85073770754531","GBM","Primary","Mesenchymal-like","7.2","0","Wild_type","Male","high"
"TCGA.14.2554","9.8179773330204","GBM","Primary","Mesenchymal-like","17.5","1","Wild_type","Female","high"
"TCGA.15.0742","8.88930378224162","GBM","Primary","","13.8","1","Wild_type","Male","high"
"TCGA.15.1444","9.82601675301196","GBM","Primary","G-CIMP-high","50.5","1","Mutant","Male","high"
"TCGA.16.0846","10.4529064155897","GBM","Primary","Classic-like","3.9","1","Wild_type","Male","high"
"TCGA.16.1045","11.2298679296141","GBM","Primary","Mesenchymal-like","29","1","Wild_type","Female","high"
"TCGA.19.1390","10.2708383084285","GBM","Primary","Classic-like","25.4","1","Wild_type","Female","high"
"TCGA.19.1787","10.118436430426","GBM","Primary","","12.7","1","","Male","high"
"TCGA.19.2619","9.3088416103094","GBM","Primary","Mesenchymal-like","9.7","0","Wild_type","Female","high"
"TCGA.19.2620","10.4500272040625","GBM","Primary","Classic-like","4.9","1","Wild_type","Male","high"
"TCGA.19.2624","9.09585455094818","GBM","Primary","Mesenchymal-like","0.2","1","Wild_type","Male","high"
"TCGA.19.2625","10.847651062876","GBM","Primary","Mesenchymal-like","4.1","1","Wild_type","Female","high"
"TCGA.19.2629","9.69561127706005","GBM","Primary","G-CIMP-low","24.2","1","Mutant","Male","high"
"TCGA.19.4065","11.2229955985736","GBM","","","7","0","","Male","high"
"TCGA.19.5960","6.65696394077036","GBM","Primary","Classic-like","15","1","Wild_type","Male","low"
"TCGA.26.1442","7.93891677414171","GBM","Primary","G-CIMP-high","31.3","0","Mutant","Male","low"
"TCGA.26.5132","10.3375961473148","GBM","Primary","Classic-like","9.4","0","Wild_type","Male","high"
"TCGA.26.5133","7.22384919402245","GBM","Primary","LGm6-GBM","14.9","0","Wild_type","Male","low"
"TCGA.26.5134","9.42841168165124","GBM","Primary","Mesenchymal-like","5.5","0","Wild_type","Male","high"
"TCGA.26.5135","10.6253562527951","GBM","Primary","Mesenchymal-like","8.9","1","Wild_type","Female","high"
"TCGA.26.5136","10.5063046054457","GBM","Primary","Mesenchymal-like","19","1","Wild_type","Female","high"
"TCGA.26.5139","9.98627724083408","GBM","Primary","Mesenchymal-like","1.6","0","Wild_type","Female","high"
"TCGA.27.1830","11.2381683711646","GBM","Primary","Mesenchymal-like","5.1","1","Wild_type","Male","high"
"TCGA.27.1831","9.66631047313298","GBM","Primary","Mesenchymal-like","16.6","1","Wild_type","Male","high"
"TCGA.27.1832","10.9410117219739","GBM","Primary","Mesenchymal-like","9.9","1","Wild_type","Female","high"
"TCGA.27.1834","9.00738446144374","GBM","Primary","Mesenchymal-like","40.5","1","Wild_type","Male","high"
"TCGA.27.1835","7.085319484234","GBM","Primary","Mesenchymal-like","21.3","1","Wild_type","Female","low"
"TCGA.27.1837","8.86003102539301","GBM","Primary","Mesenchymal-like","14","1","Wild_type","Male","high"
"TCGA.27.2519","9.78126183646147","GBM","Primary","Mesenchymal-like","18.1","1","Wild_type","Male","high"
"TCGA.27.2521","7.72175474805662","GBM","Primary","G-CIMP-low","10.4","0","Mutant","Male","low"
"TCGA.27.2523","8.31244781276689","GBM","Primary","Classic-like","16.1","1","Wild_type","Male","high"
"TCGA.27.2524","10.1072959442524","GBM","Primary","Mesenchymal-like","7.6","1","Wild_type","Male","high"
"TCGA.27.2526","8.46478668989485","GBM","Primary","Mesenchymal-like","2.9","1","Wild_type","Female","high"
"TCGA.27.2528","6.99528438193804","GBM","Primary","Classic-like","15.8","1","Wild_type","Male","low"
"TCGA.28.1747","10.2778590172695","GBM","Primary","Mesenchymal-like","2.5","1","Wild_type","Male","high"
"TCGA.28.1753","9.83724174376538","GBM","Primary","Mesenchymal-like","1.2","0","Wild_type","Male","high"
"TCGA.28.2499","8.64297840353229","GBM","","Classic-like","3.1","0","Wild_type","Male","high"
"TCGA.28.2509","9.7561034286661","GBM","Primary","Classic-like","4.8","0","Wild_type","Female","high"
"TCGA.28.2513","11.2363456985285","GBM","Primary","Mesenchymal-like","7.3","0","Wild_type","Female","high"
"TCGA.28.2514","7.94560887359159","GBM","Primary","Mesenchymal-like","5.3","0","Wild_type","Male","low"
"TCGA.28.5204","8.48138209951375","GBM","Primary","Classic-like","14.9","1","Wild_type","Male","high"
"TCGA.28.5207","8.08244127728059","GBM","Primary","Mesenchymal-like","11.3","1","Wild_type","Male","low"
"TCGA.28.5208","8.65391593328151","GBM","Primary","Classic-like","17.9","1","Wild_type","Male","high"
"TCGA.28.5209","7.84141527464495","GBM","Primary","Classic-like","2.5","0","Wild_type","Female","low"
"TCGA.28.5213","11.3911286956235","GBM","Primary","Mesenchymal-like","31.3","0","Wild_type","Male","high"
"TCGA.28.5215","10.1588771236871","GBM","Primary","Mesenchymal-like","11","1","Wild_type","Female","high"
"TCGA.28.5216","9.72992828179942","GBM","Primary","Mesenchymal-like","13.6","0","Wild_type","Male","high"
"TCGA.28.5218","9.73872511591424","GBM","Primary","LGm6-GBM","5.2","1","Wild_type","Male","high"
"TCGA.28.5220","8.4785815614748","GBM","Primary","Mesenchymal-like","10.5","0","Wild_type","Male","high"
"TCGA.32.1970","9.28519042308304","GBM","Primary","Mesenchymal-like","15.4","1","Wild_type","Male","high"
"TCGA.32.1980","10.1536219481581","GBM","Primary","LGm6-GBM","1.2","1","Wild_type","Male","high"
"TCGA.32.1982","10.8500882839846","GBM","Primary","Classic-like","4.7","1","Wild_type","Female","high"
"TCGA.32.2615","10.4998620276419","GBM","Primary","Mesenchymal-like","15.9","1","Wild_type","Male","high"
"TCGA.32.2616","9.57454982011103","GBM","Primary","","7.4","1","","Female","high"
"TCGA.32.2632","9.97722353134164","GBM","Primary","Mesenchymal-like","8.8","1","Wild_type","Male","high"
"TCGA.32.2634","9.06373265939609","GBM","Primary","Classic-like","22.8","0","Wild_type","Male","high"
"TCGA.32.2638","10.4703934913691","GBM","Primary","Classic-like","25.2","1","Wild_type","Male","high"
"TCGA.32.4213","9.89625307620947","GBM","Primary","Mesenchymal-like","19.9","0","Wild_type","Female","high"
"TCGA.32.5222","10.031014113708","GBM","Primary","Classic-like","19.2","1","Wild_type","Male","high"
"TCGA.41.2571","10.4440127873803","GBM","Primary","Mesenchymal-like","0.8","1","Wild_type","Male","high"
"TCGA.41.2572","10.2970118481974","GBM","Primary","Classic-like","13.3","1","Wild_type","Male","high"
"TCGA.41.3915","11.1119702613584","GBM","Primary","Mesenchymal-like","11.8","1","Wild_type","Male","high"
"TCGA.41.4097","10.4348678577272","GBM","Primary","Classic-like","0.2","1","Wild_type","Female","high"
"TCGA.41.5651","7.74023342683069","GBM","Primary","Classic-like","15.1","1","Wild_type","Female","low"
"TCGA.76.4925","9.02118598380883","GBM","Primary","Classic-like","4.8","1","Wild_type","Male","high"
"TCGA.76.4926","9.05540256469195","GBM","Primary","Mesenchymal-like","4.5","1","Wild_type","Male","high"
"TCGA.76.4927","9.503430631867","GBM","Primary","Classic-like","17.6","1","Wild_type","Male","high"
"TCGA.76.4928","10.4400324732857","GBM","Primary","Mesenchymal-like","3.1","1","Wild_type","Female","high"
"TCGA.76.4929","9.71851181342407","GBM","Primary","Classic-like","3.6","1","Wild_type","Female","high"
"TCGA.76.4931","8.83000236886882","GBM","Primary","Mesenchymal-like","9.2","1","Wild_type","Female","high"
"TCGA.76.4932","8.97152199958098","GBM","Primary","Classic-like","47.9","1","Wild_type","Female","high"
"TCGA.CS.4938","6.86685359176696","Astrocytoma","Primary","G-CIMP-high","4.7","0","Mutant","Female","low"
"TCGA.CS.4941","9.06155048886609","Astrocytoma","Primary","Mesenchymal-like","7.7","1","Wild_type","Male","high"
"TCGA.CS.4942","8.84445344722926","Astrocytoma","Primary","G-CIMP-high","43.9","1","Mutant","Female","high"
"TCGA.CS.4943","6.71209773910886","Astrocytoma","Primary","G-CIMP-high","18.1","0","Mutant","Male","low"
"TCGA.CS.4944","7.21702612600669","Astrocytoma","Primary","G-CIMP-high","10.6","0","Mutant","Male","low"
"TCGA.CS.5390","5.30629505439552","Oligodendroglioma","Primary","Codel","64.6","0","Mutant","Female","low"
"TCGA.CS.5393","7.91269776234383","Astrocytoma","Primary","G-CIMP-high","40.2","0","Mutant","Male","low"
"TCGA.CS.5394","3.1479578813871","Astrocytoma","Primary","Codel","0.1","0","Mutant","Male","low"
"TCGA.CS.5395","6.08505705192716","Oligodendroglioma","Primary","Mesenchymal-like","21","1","Wild_type","Male","low"
"TCGA.CS.5396","6.90489709754497","Oligodendroglioma","Primary","Codel","10","0","Mutant","Female","low"
"TCGA.CS.5397","8.42590403585014","Astrocytoma","Primary","Mesenchymal-like","6.4","1","Wild_type","Female","high"
"TCGA.CS.6186","7.92320326863469","Oligoastrocytoma","Primary","Classic-like","17.7","1","Wild_type","Male","low"
"TCGA.CS.6188","9.07515500809291","Astrocytoma","Primary","Mesenchymal-like","23.8","0","Wild_type","Male","high"
"TCGA.CS.6290","9.92437220664232","Astrocytoma","Primary","G-CIMP-high","17.9","0","Mutant","Male","high"
"TCGA.CS.6665","9.99816672570452","Astrocytoma","Primary","G-CIMP-low","12.4","0","Mutant","Female","high"
"TCGA.CS.6666","6.10318917716143","Astrocytoma","Primary","G-CIMP-high","47","0","Mutant","Male","low"
"TCGA.CS.6667","7.47900253475698","Astrocytoma","Primary","G-CIMP-high","7.6","0","Mutant","Female","low"
"TCGA.CS.6668","4.16058947889848","Oligodendroglioma","Primary","Codel","49.9","0","Mutant","Female","low"
"TCGA.CS.6669","5.64711588063517","Oligodendroglioma","Primary","PA-like","49.1","0","Wild_type","Female","low"
"TCGA.CS.6670","6.61776276971292","Oligodendroglioma","Primary","Codel","6.6","0","Mutant","Male","low"
"TCGA.DB.5270","7.03057996504118","Oligoastrocytoma","Primary","G-CIMP-high","122.7","0","Mutant","Female","low"
"TCGA.DB.5273","7.89208314525841","Astrocytoma","Primary","G-CIMP-high","82","0","Mutant","Male","low"
"TCGA.DB.5274","8.30909749717609","Oligoastrocytoma","Primary","Codel","75.2","0","Mutant","Female","high"
"TCGA.DB.5275","7.64949546897818","Oligoastrocytoma","Primary","G-CIMP-high","47.9","0","Mutant","Male","low"
"TCGA.DB.5276","8.10487914115588","Oligoastrocytoma","Primary","G-CIMP-high","72.9","0","Mutant","Male","low"
"TCGA.DB.5277","5.22322945684211","Astrocytoma","Primary","G-CIMP-high","50.9","1","Mutant","Male","low"
"TCGA.DB.5278","4.8274024116761","Oligodendroglioma","Primary","Codel","91.1","0","Mutant","Male","low"
"TCGA.DB.5279","5.89986683682616","Oligodendroglioma","Primary","Codel","44.5","0","Mutant","Male","low"
"TCGA.DB.5280","6.07731564466176","Oligoastrocytoma","Primary","G-CIMP-high","36.6","0","Mutant","Male","low"
"TCGA.DB.5281","7.1666732720284","Oligoastrocytoma","Primary","G-CIMP-high","78.3","0","Mutant","Male","low"
"TCGA.DB.A4X9","7.5447983298226","Oligoastrocytoma","Primary","G-CIMP-high","46.4","0","Mutant","Female","low"
"TCGA.DB.A4XA","6.22967443570749","Oligoastrocytoma","Primary","Codel","18.8","0","Mutant","Male","low"
"TCGA.DB.A4XB","6.02865313016244","Astrocytoma","Primary","G-CIMP-high","30.2","0","Mutant","Male","low"
"TCGA.DB.A4XC","9.92732938305075","Oligoastrocytoma","Primary","G-CIMP-high","46.7","0","Mutant","Male","high"
"TCGA.DB.A4XD","7.83007401234004","Astrocytoma","Primary","G-CIMP-high","39.8","0","Mutant","Male","low"
"TCGA.DB.A4XE","7.29388083338248","Oligoastrocytoma","Primary","G-CIMP-high","37.5","0","Mutant","Female","low"
"TCGA.DB.A4XF","7.94698403464664","Astrocytoma","Primary","G-CIMP-high","33.6","0","Mutant","Female","low"
"TCGA.DB.A4XG","3.96773118579332","Oligodendroglioma","Primary","Codel","73","0","Mutant","Male","low"
"TCGA.DB.A4XH","5.46284741475753","Oligoastrocytoma","Primary","Codel","31.6","0","Mutant","Female","low"
"TCGA.DB.A64L","7.61376442194183","Oligodendroglioma","Primary","Codel","24.2","0","Mutant","Female","low"
"TCGA.DB.A64O","8.2504865008612","Oligoastrocytoma","Primary","Mesenchymal-like","25.5","1","Wild_type","Male","high"
"TCGA.DB.A64P","7.20053574060489","Oligodendroglioma","Primary","Codel","30.1","0","Mutant","Male","low"
"TCGA.DB.A64Q","8.31301905217054","Oligoastrocytoma","Primary","Codel","6","0","Mutant","Female","high"
"TCGA.DB.A64R","6.98263998554709","Oligodendroglioma","Primary","Codel","31.4","0","Mutant","Female","low"
"TCGA.DB.A64S","10.4730416730109","Oligoastrocytoma","Primary","G-CIMP-high","27.4","0","Mutant","Male","high"
"TCGA.DB.A64U","6.15912053647604","Oligoastrocytoma","Primary","Codel","27.8","0","Mutant","Female","low"
"TCGA.DB.A64V","8.5447179754778","Oligodendroglioma","Primary","Codel","29.2","0","Mutant","Male","high"
"TCGA.DB.A64W","4.85395573804789","Oligoastrocytoma","Primary","Codel","14.4","1","Mutant","Female","low"
"TCGA.DB.A64X","6.43869040302006","Astrocytoma","Primary","G-CIMP-high","18.5","0","Mutant","Female","low"
"TCGA.DB.A75K","9.98525819613638","Oligoastrocytoma","Primary","Codel","12.1","0","Mutant","Female","high"
"TCGA.DB.A75L","8.82946429513535","Astrocytoma","Primary","G-CIMP-high","11.2","0","Mutant","Female","high"
"TCGA.DB.A75M","7.88218449290063","Astrocytoma","Primary","G-CIMP-high","17.9","0","Mutant","Male","low"
"TCGA.DB.A75O","9.51198741846082","Astrocytoma","Primary","G-CIMP-high","30.7","0","Mutant","Male","high"
"TCGA.DB.A75P","6.97220899442764","Astrocytoma","Primary","PA-like","16.2","0","Wild_type","Female","low"
"TCGA.DH.5140","6.69412801284908","Oligoastrocytoma","Primary","PA-like","20","1","Wild_type","Female","low"
"TCGA.DH.5141","5.64810299803102","Oligodendroglioma","Primary","Codel","31.8","0","Mutant","Male","low"
"TCGA.DH.5142","9.07886143692407","Astrocytoma","Primary","G-CIMP-high","63.9","0","Mutant","Male","high"
"TCGA.DH.5143","6.1068801022039","Oligoastrocytoma","Primary","G-CIMP-high","46.1","0","Mutant","Male","low"
"TCGA.DH.5144","5.25572731666966","Oligodendroglioma","","Codel","8","0","Mutant","Female","low"
"TCGA.DH.A669","7.52299966587308","Oligodendroglioma","Primary","Codel","30.2","1","Mutant","Male","low"
"TCGA.DH.A66B","9.36355789956416","Astrocytoma","Primary","G-CIMP-high","42","0","Mutant","Male","high"
"TCGA.DH.A66D","9.38773151729549","Astrocytoma","Primary","G-CIMP-high","27.8","0","Mutant","Female","high"
"TCGA.DH.A66F","6.17862700932878","Oligodendroglioma","Primary","Codel","17.2","0","Mutant","Male","low"
"TCGA.DH.A66G","9.88538584022763","Oligodendroglioma","","G-CIMP-high","17.2","0","Mutant","Female","high"
"TCGA.DH.A7UR","4.73153083705416","Oligodendroglioma","Primary","Codel","54.2","0","Mutant","Female","low"
"TCGA.DH.A7US","5.78081925743579","Oligodendroglioma","Primary","Codel","23.2","0","Mutant","Male","low"
"TCGA.DH.A7UT","8.67368608829436","Astrocytoma","Primary","G-CIMP-high","17.5","1","Mutant","Male","high"
"TCGA.DH.A7UU","7.65618814891058","Astrocytoma","Primary","G-CIMP-high","13.7","0","Mutant","Male","low"
"TCGA.DH.A7UV","8.24723542333054","Astrocytoma","Primary","G-CIMP-high","18.6","0","Mutant","Male","high"
"TCGA.DU.5847","10.8282885225906","Astrocytoma","Primary","Mesenchymal-like","18","0","Wild_type","Female","high"
"TCGA.DU.5849","5.39851113212776","Oligodendroglioma","Primary","Codel","14.6","0","Mutant","Male","low"
"TCGA.DU.5851","7.54745137153863","Oligoastrocytoma","Primary","G-CIMP-high","17.5","0","Mutant","Female","low"
"TCGA.DU.5852","9.10096057026768","Oligoastrocytoma","Primary","Mesenchymal-like","6.7","1","Wild_type","Female","high"
"TCGA.DU.5853","7.16747836141156","Oligoastrocytoma","Primary","G-CIMP-high","13.4","0","Mutant","Male","low"
"TCGA.DU.5854","8.99233479813898","Astrocytoma","Primary","Mesenchymal-like","8.4","0","Wild_type","Female","high"
"TCGA.DU.5855","8.55413410085916","Oligoastrocytoma","Primary","G-CIMP-high","6.8","0","Mutant","Female","high"
"TCGA.DU.5870","7.70060062515293","Oligodendroglioma","Primary","Codel","182.3","0","Mutant","Female","low"
"TCGA.DU.5871","8.18375198323903","Oligoastrocytoma","Primary","G-CIMP-high","18.9","0","Mutant","Female","low"
"TCGA.DU.5872","7.44573994388248","Oligoastrocytoma","Primary","G-CIMP-high","17.5","0","Mutant","Female","low"
"TCGA.DU.5874","5.11107723077098","Oligodendroglioma","Primary","Codel","15.2","0","Mutant","Female","low"
"TCGA.DU.6392","8.71004563328808","Astrocytoma","Primary","PA-like","211.2","0","Wild_type","Female","high"
"TCGA.DU.6393","5.44780728566198","Oligodendroglioma","Primary","Codel","52.1","1","Mutant","Male","low"
"TCGA.DU.6394","5.50554164349313","Oligodendroglioma","Primary","Codel","22.4","1","Mutant","Male","low"
"TCGA.DU.6395","7.15741262576056","Oligoastrocytoma","Primary","G-CIMP-high","49","1","Mutant","Male","low"
"TCGA.DU.6396","11.2537666634437","Oligoastrocytoma","Primary","G-CIMP-high","75.2","1","Mutant","Female","high"
"TCGA.DU.6397","4.38068097003311","Oligodendroglioma","Primary","Codel","46.1","1","Mutant","Male","low"
"TCGA.DU.6399","5.94100768584411","Oligodendroglioma","Primary","G-CIMP-high","65.8","1","Mutant","Male","low"
"TCGA.DU.6400","6.53996525386683","Oligodendroglioma","Primary","Codel","1.2","1","Mutant","Female","low"
"TCGA.DU.6401","8.51330873913912","Oligodendroglioma","Primary","G-CIMP-high","87.5","1","Mutant","Female","high"
"TCGA.DU.6402","10.1276793175112","Astrocytoma","Primary","Classic-like","7","1","Wild_type","Male","high"
"TCGA.DU.6403","9.56022945328767","Oligoastrocytoma","Primary","Classic-like","11.6","1","Wild_type","Female","high"
"TCGA.DU.6404","8.61147008226866","Oligodendroglioma","Primary","PA-like","133.7","1","Wild_type","Female","high"
"TCGA.DU.6405","8.24742390600356","Astrocytoma","Primary","Classic-like","19.9","1","Wild_type","Female","high"
"TCGA.DU.6406","8.01538828910001","Oligoastrocytoma","Primary","Classic-like","16.8","1","Wild_type","Female","low"
"TCGA.DU.6407","7.00995511001051","Oligodendroglioma","Primary","G-CIMP-high","94.5","1","Mutant","Female","low"
"TCGA.DU.6408","7.55548872059504","Oligodendroglioma","Primary","G-CIMP-high","114.1","1","Mutant","Female","low"
"TCGA.DU.6410","4.14544921419788","Oligodendroglioma","Primary","Codel","8","0","Mutant","Male","low"
"TCGA.DU.6542","8.51224348183692","Oligoastrocytoma","Primary","G-CIMP-high","2.4","0","Mutant","Male","high"
"TCGA.DU.7006","9.26315063390658","Astrocytoma","Primary","Mesenchymal-like","11.5","1","Wild_type","Female","high"
"TCGA.DU.7007","8.98812823309765","Astrocytoma","Primary","G-CIMP-high","63","1","Mutant","Male","high"
"TCGA.DU.7008","6.27955858273985","Oligodendroglioma","Primary","G-CIMP-high","156.2","0","Mutant","Female","low"
"TCGA.DU.7009","4.4682313972488","Oligodendroglioma","Primary","Codel","154.4","1","Mutant","Female","low"
"TCGA.DU.7010","7.36418369267072","Astrocytoma","Primary","G-CIMP-low","15","1","Mutant","Female","low"
"TCGA.DU.7011","8.30505487037374","Oligoastrocytoma","Primary","G-CIMP-high","105.2","1","Mutant","Male","high"
"TCGA.DU.7012","8.80797244369319","Astrocytoma","Primary","Mesenchymal-like","6.5","1","Wild_type","Female","high"
"TCGA.DU.7013","8.44062503049939","Astrocytoma","Primary","Classic-like","8.8","1","Wild_type","Male","high"
"TCGA.DU.7014","6.3265912756249","Oligodendroglioma","Primary","","117.4","1","","Male","low"
"TCGA.DU.7015","7.96482428458945","Oligodendroglioma","Primary","G-CIMP-high","90.8","0","Mutant","Female","low"
"TCGA.DU.7018","3.39094277280254","Oligodendroglioma","Primary","Codel","30.7","1","Mutant","Female","low"
"TCGA.DU.7019","7.02553714857887","Oligoastrocytoma","Primary","G-CIMP-high","26.3","0","Mutant","Male","low"
"TCGA.DU.7290","10.4533284641364","Astrocytoma","Primary","Mesenchymal-like","10.4","1","Wild_type","Female","high"
"TCGA.DU.7292","6.35655937052299","Astrocytoma","Primary","Classic-like","8","1","Wild_type","Male","low"
"TCGA.DU.7294","5.60802855712105","Oligodendroglioma","Primary","Codel","94.3","0","Mutant","Female","low"
"TCGA.DU.7298","7.39361097449368","Astrocytoma","Primary","G-CIMP-high","18.9","1","Mutant","Female","low"
"TCGA.DU.7299","6.80924207201349","Astrocytoma","Primary","G-CIMP-high","44","1","Mutant","Male","low"
"TCGA.DU.7300","5.59947848097903","Oligodendroglioma","Primary","Codel","62","1","Mutant","Female","low"
"TCGA.DU.7301","7.1574712392826","Oligodendroglioma","Primary","G-CIMP-high","25.9","1","Mutant","Male","low"
"TCGA.DU.7302","4.96230839945125","Oligodendroglioma","Primary","Codel","60.3","0","Mutant","Female","low"
"TCGA.DU.7304","7.84528743215224","Oligoastrocytoma","Primary","G-CIMP-high","23.3","1","Mutant","Male","low"
"TCGA.DU.7306","7.21199144477024","Oligoastrocytoma","Primary","G-CIMP-high","42","0","Mutant","Male","low"
"TCGA.DU.7309","5.7698457759515","Oligodendroglioma","Primary","G-CIMP-high","2.8","0","Mutant","Female","low"
"TCGA.DU.8158","9.98651802407769","Astrocytoma","Primary","Mesenchymal-like","5.1","1","Wild_type","Female","high"
"TCGA.DU.8161","9.50679867838148","Oligoastrocytoma","Primary","Mesenchymal-like","23.7","1","Wild_type","Female","high"
"TCGA.DU.8162","6.46508147983906","Oligoastrocytoma","Primary","Mesenchymal-like","14.6","1","Wild_type","Female","low"
"TCGA.DU.8163","7.7786133575016","Oligoastrocytoma","Primary","G-CIMP-high","20.7","0","Mutant","Male","low"
"TCGA.DU.8164","4.21934666777646","Oligodendroglioma","Primary","Codel","21.4","0","Mutant","Male","low"
"TCGA.DU.8165","8.31148585911647","Oligodendroglioma","Primary","Mesenchymal-like","19.1","0","Wild_type","Female","high"
"TCGA.DU.8166","6.89297260137352","Oligoastrocytoma","Primary","G-CIMP-high","17","0","Mutant","Female","low"
"TCGA.DU.8167","8.06009441320485","Oligoastrocytoma","Primary","G-CIMP-high","15.5","0","Mutant","Female","low"
"TCGA.DU.8168","4.08019715526847","Oligodendroglioma","Primary","Codel","14.2","0","Mutant","Female","low"
"TCGA.DU.A5TP","11.7933393735436","Astrocytoma","Primary","G-CIMP-high","33.3","0","Mutant","Male","high"
"TCGA.DU.A5TR","11.4456887913094","Oligoastrocytoma","Primary","G-CIMP-high","29.9","0","Mutant","Male","high"
"TCGA.DU.A5TS","7.17964739124929","Oligodendroglioma","Primary","G-CIMP-high","31.7","0","Mutant","Male","low"
"TCGA.DU.A5TT","9.85371516862812","Oligodendroglioma","Primary","Mesenchymal-like","24.4","0","Wild_type","Male","high"
"TCGA.DU.A5TU","9.4608441123189","Astrocytoma","Primary","G-CIMP-high","26.2","0","Mutant","Female","high"
"TCGA.DU.A5TW","7.29923916194407","Astrocytoma","Primary","G-CIMP-high","25","0","Mutant","Female","low"
"TCGA.DU.A5TY","10.537632994428","Astrocytoma","Primary","Mesenchymal-like","34","1","Wild_type","Female","high"
"TCGA.DU.A6S2","7.25522406418223","Oligodendroglioma","Primary","Codel","25.6","0","Mutant","Female","low"
"TCGA.DU.A6S3","5.26820979716573","Oligodendroglioma","Primary","Codel","21.6","0","Mutant","Male","low"
"TCGA.DU.A6S6","4.66631917314614","Oligoastrocytoma","Primary","Codel","95.1","0","Mutant","Female","low"
"TCGA.DU.A6S7","9.27100913787788","Astrocytoma","Primary","G-CIMP-high","21","0","Mutant","Female","high"
"TCGA.DU.A6S8","5.3050621686919","Oligodendroglioma","Primary","Codel","22.3","0","Mutant","Female","low"
"TCGA.DU.A76K","7.22767947354014","Oligodendroglioma","Primary","Classic-like","11.4","1","Wild_type","Male","low"
"TCGA.DU.A76L","10.0937930784144","Oligodendroglioma","Primary","Mesenchymal-like","26.8","1","Wild_type","Male","high"
"TCGA.DU.A76O","8.96540105396394","Astrocytoma","Primary","G-CIMP-high","17.2","0","Mutant","Male","high"
"TCGA.DU.A76R","8.22444647680153","Oligodendroglioma","Primary","Codel","21.3","1","Mutant","Male","high"
"TCGA.DU.A7T6","6.57816735926037","Oligodendroglioma","Primary","Codel","18","1","Mutant","Female","low"
"TCGA.DU.A7T8","8.85515159731544","Oligoastrocytoma","Primary","G-CIMP-high","139","1","Mutant","Male","high"
"TCGA.DU.A7TA","8.45098026215732","Oligodendroglioma","Primary","G-CIMP-high","84.3","0","Mutant","Male","high"
"TCGA.DU.A7TB","7.26429808890052","Oligodendroglioma","Primary","PA-like","51.5","0","Wild_type","Male","low"
"TCGA.DU.A7TC","7.71069900228831","Astrocytoma","Primary","G-CIMP-high","37.4","0","Mutant","Male","low"
"TCGA.DU.A7TD","10.4091508559512","Oligoastrocytoma","Primary","Mesenchymal-like","7.5","1","Wild_type","Male","high"
"TCGA.DU.A7TG","8.29930648468848","Oligodendroglioma","Primary","G-CIMP-high","44.4","1","Mutant","Male","high"
"TCGA.DU.A7TI","10.4954514354494","Astrocytoma","","","38.9","1","","","high"
"TCGA.DU.A7TJ","8.70905933651288","Astrocytoma","Primary","Mesenchymal-like","0.6","0","Wild_type","Male","high"
"TCGA.E1.5302","9.99607699323771","Astrocytoma","Primary","G-CIMP-high","50.1","1","Mutant","Male","high"
"TCGA.E1.5303","9.82435831449028","Astrocytoma","Primary","G-CIMP-high","67.5","1","Mutant","Male","high"
"TCGA.E1.5304","5.99641812433699","Astrocytoma","Primary","G-CIMP-low","41.1","1","Mutant","Male","low"
"TCGA.E1.5305","8.69417224909703","Astrocytoma","Primary","G-CIMP-high","80","1","Mutant","Male","high"
"TCGA.E1.5307","7.69089614495791","Astrocytoma","Primary","G-CIMP-high","57.9","1","Mutant","Female","low"
"TCGA.E1.5311","6.72502535641937","Oligodendroglioma","Primary","Codel","134.3","1","Mutant","Male","low"
"TCGA.E1.5318","4.74536104787632","Oligodendroglioma","Primary","Codel","78.2","1","Mutant","Female","low"
"TCGA.E1.5319","7.08577942246684","Oligodendroglioma","Primary","Codel","95.6","1","Mutant","Female","low"
"TCGA.E1.5322","9.6146316346749","Oligoastrocytoma","Primary","G-CIMP-high","130.8","1","Mutant","Female","high"
"TCGA.E1.A7YD","9.58457848234254","Astrocytoma","","Mesenchymal-like","14.3","1","Wild_type","","high"
"TCGA.E1.A7YE","11.8004152541375","Astrocytoma","","G-CIMP-low","29.1","1","Mutant","","high"
"TCGA.E1.A7YH","9.67177686748841","Astrocytoma","","G-CIMP-high","93.2","1","Mutant","","high"
"TCGA.E1.A7YI","9.64809238939024","Astrocytoma","","G-CIMP-low","3.6","1","Mutant","","high"
"TCGA.E1.A7YJ","11.3345848112191","Astrocytoma","","Classic-like","19.5","1","Wild_type","","high"
"TCGA.E1.A7YK","12.2940071284296","Astrocytoma","","G-CIMP-high","12.4","1","Mutant","","high"
"TCGA.E1.A7YL","13.213146606542","Astrocytoma","","Mesenchymal-like","16.2","1","Wild_type","","high"
"TCGA.E1.A7YM","9.58506374881243","Astrocytoma","","Mesenchymal-like","21.3","1","Wild_type","","high"
"TCGA.E1.A7YN","13.5621299955394","Astrocytoma","","Mesenchymal-like","23.9","1","Wild_type","","high"
"TCGA.E1.A7YO","6.17165119489264","Oligodendroglioma","Primary","Codel","75","1","Mutant","Male","low"
"TCGA.E1.A7YQ","10.7310201075923","Oligodendroglioma","","Classic-like","51.9","1","Wild_type","","high"
"TCGA.E1.A7YS","8.74226631460705","Oligodendroglioma","","Codel","15.3","1","Mutant","","high"
"TCGA.E1.A7YU","8.86979862817294","Oligoastrocytoma","","G-CIMP-high","0.8","1","Mutant","","high"
"TCGA.E1.A7YV","8.72087422014001","Oligoastrocytoma","Primary","G-CIMP-low","32.5","1","Mutant","Female","high"
"TCGA.E1.A7YW","8.88216889941866","Oligoastrocytoma","Primary","G-CIMP-high","36.8","1","Mutant","Male","high"
"TCGA.E1.A7YY","7.24708347982459","Oligodendroglioma","","G-CIMP-high","146.1","1","Mutant","","low"
"TCGA.E1.A7Z2","8.00497322466311","Oligodendroglioma","","Mesenchymal-like","13.1","1","Wild_type","","low"
"TCGA.E1.A7Z3","9.07219532284843","Astrocytoma","","G-CIMP-high","73.5","1","Mutant","","high"
"TCGA.E1.A7Z4","8.17505546929604","Astrocytoma","","G-CIMP-high","145.1","1","Mutant","","low"
"TCGA.E1.A7Z6","9.42367333630374","Astrocytoma","Primary","G-CIMP-high","32.4","1","Mutant","Female","high"
"TCGA.EZ.7264","5.59461124809656","Oligodendroglioma","Primary","Codel","39.5","0","Mutant","Female","low"
"TCGA.F6.A8O3","4.44812787170845","Oligodendroglioma","Primary","Codel","0.2","0","Mutant","Male","low"
"TCGA.F6.A8O4","5.26848305152381","Astrocytoma","Primary","G-CIMP-high","0.2","0","Mutant","Male","low"
"TCGA.FG.5962","6.62808386410955","Oligodendroglioma","Primary","Codel","47.8","0","Mutant","Male","low"
"TCGA.FG.5963","10.7870015729139","Astrocytoma","Primary","PA-like","25.5","1","Wild_type","Male","high"
"TCGA.FG.5964","9.1797675497137","Oligodendroglioma","Primary","Codel","52.2","0","Mutant","Male","high"
"TCGA.FG.5965","8.81992136090118","Oligoastrocytoma","Primary","G-CIMP-high","36.8","1","Mutant","Female","high"
"TCGA.FG.6688","10.1738462527186","Astrocytoma","Primary","Mesenchymal-like","18.8","0","Wild_type","Female","high"
"TCGA.FG.6689","7.93532596228275","Astrocytoma","Primary","G-CIMP-high","14.9","0","Mutant","Male","low"
"TCGA.FG.6690","8.41816464320372","Oligodendroglioma","Primary","G-CIMP-high","42.5","0","Mutant","Male","high"
"TCGA.FG.6691","9.45184472799479","Astrocytoma","Primary","G-CIMP-high","41.3","0","Mutant","Female","high"
"TCGA.FG.6692","9.73663802012153","Oligodendroglioma","Primary","Classic-like","18.4","1","Wild_type","Male","high"
"TCGA.FG.7634","8.97113396584747","Oligodendroglioma","Primary","Codel","15.3","0","Mutant","Male","high"
"TCGA.FG.7636","6.96114867947829","Astrocytoma","Primary","G-CIMP-high","17.9","0","Mutant","Male","low"
"TCGA.FG.7637","5.53135026677279","Oligoastrocytoma","","Codel","40.1","0","Mutant","Male","low"
"TCGA.FG.7638","6.50302269250435","Oligodendroglioma","Primary","Codel","22.6","0","Mutant","Female","low"
"TCGA.FG.7641","5.74303556983803","Oligodendroglioma","Primary","Codel","20.6","0","Mutant","Male","low"
"TCGA.FG.7643","6.81426457336634","Oligoastrocytoma","Primary","Mesenchymal-like","20.1","0","Wild_type","Female","low"
"TCGA.FG.8181","7.21886058355833","Oligoastrocytoma","Primary","PA-like","28.3","0","Wild_type","Male","low"
"TCGA.FG.8182","8.16697949986174","Oligodendroglioma","Primary","G-CIMP-high","13.7","0","Mutant","Male","low"
"TCGA.FG.8185","7.05258217882201","Astrocytoma","Primary","G-CIMP-high","14.2","0","Mutant","Male","low"
"TCGA.FG.8186","8.91219416090873","Oligoastrocytoma","Primary","Codel","16","0","Mutant","Female","high"
"TCGA.FG.8187","8.01324784956527","Oligoastrocytoma","Primary","Codel","20.1","0","Mutant","Male","low"
"TCGA.FG.8188","7.65385253622831","Oligoastrocytoma","Primary","G-CIMP-high","15","0","Mutant","Male","low"
"TCGA.FG.8189","4.67693307919541","Oligodendroglioma","Primary","G-CIMP-high","22.5","0","Mutant","Female","low"
"TCGA.FG.8191","9.93363563087122","Oligodendroglioma","Primary","G-CIMP-high","32.6","0","Mutant","Male","high"
"TCGA.FG.A4MT","8.17690216804675","Oligodendroglioma","Primary","G-CIMP-high","38.3","0","Mutant","Female","low"
"TCGA.FG.A4MU","10.4674687117124","Oligoastrocytoma","Primary","Mesenchymal-like","10.7","0","Wild_type","Male","high"
"TCGA.FG.A4MW","9.19854915730343","Oligoastrocytoma","Primary","Classic-like","18.4","1","Wild_type","Male","high"
"TCGA.FG.A4MX","10.0603839894591","Astrocytoma","Primary","G-CIMP-high","18.7","0","Mutant","Male","high"
"TCGA.FG.A4MY","7.73375902489334","Oligoastrocytoma","Primary","G-CIMP-high","23.7","0","Mutant","Female","low"
"TCGA.FG.A60J","8.46562680492156","Oligoastrocytoma","Primary","G-CIMP-high","14.8","0","Mutant","Female","high"
"TCGA.FG.A60K","8.49346560878848","Oligoastrocytoma","Primary","Codel","17.8","0","Mutant","Female","high"
"TCGA.FG.A60L","10.4521525752916","Astrocytoma","Primary","G-CIMP-high","21.5","0","Mutant","Female","high"
"TCGA.FG.A6IZ","8.17518973642334","Oligodendroglioma","Primary","Codel","15","0","Mutant","Male","low"
"TCGA.FG.A6J1","7.84128505896665","Oligodendroglioma","Primary","Codel","16.4","0","Mutant","Female","low"
"TCGA.FG.A6J3","10.9466079112276","Astrocytoma","Primary","G-CIMP-low","22.3","0","Mutant","Female","high"
"TCGA.FG.A70Y","9.73585654702442","Oligodendroglioma","Primary","G-CIMP-high","28.5","0","Mutant","Female","high"
"TCGA.FG.A70Z","9.73536816517145","Oligoastrocytoma","Primary","Mesenchymal-like","10.8","0","Wild_type","Female","high"
"TCGA.FG.A710","9.00962710175671","Oligodendroglioma","Primary","Codel","36.7","0","Mutant","Female","high"
"TCGA.FG.A711","7.07371849571635","Oligodendroglioma","Primary","G-CIMP-high","48.7","1","Mutant","Female","low"
"TCGA.FG.A713","5.16430760621978","Oligoastrocytoma","Primary","Codel","20.4","0","Mutant","Female","low"
"TCGA.FG.A87N","10.1665759934372","Astrocytoma","Primary","G-CIMP-low","18.6","0","Mutant","Female","high"
"TCGA.FG.A87Q","10.5822697763812","Astrocytoma","Primary","Classic-like","5.7","0","Wild_type","Female","high"
"TCGA.FN.7833","9.63415669857671","Oligoastrocytoma","Primary","G-CIMP-high","27.5","0","Mutant","Male","high"
"TCGA.HT.7467","5.76822667850505","Oligodendroglioma","Primary","Codel","0.1","0","Mutant","Male","low"
"TCGA.HT.7468","6.40002210122545","Oligodendroglioma","Primary","Codel","6.7","0","Mutant","Male","low"
"TCGA.HT.7469","8.06896364030005","Oligodendroglioma","Primary","PA-like","11.5","1","Wild_type","Male","low"
"TCGA.HT.7470","6.01638934397952","Oligodendroglioma","Primary","G-CIMP-high","40.1","1","Mutant","Male","low"
"TCGA.HT.7471","8.50567581116406","Oligodendroglioma","Primary","Codel","0.1","0","Mutant","Female","high"
"TCGA.HT.7472","6.82392637505793","Oligodendroglioma","Primary","G-CIMP-high","0","0","Mutant","Male","low"
"TCGA.HT.7473","9.76698549652705","Oligoastrocytoma","Primary","G-CIMP-high","16.5","0","Mutant","Male","high"
"TCGA.HT.7474","6.13880627919329","Oligoastrocytoma","Primary","G-CIMP-high","3.8","0","Mutant","Male","low"
"TCGA.HT.7475","6.62740401783533","Oligoastrocytoma","Primary","G-CIMP-high","17.4","0","Mutant","Male","low"
"TCGA.HT.7476","6.17556851200283","Astrocytoma","Primary","G-CIMP-high","6.5","0","Mutant","Male","low"
"TCGA.HT.7477","7.08466703396228","Astrocytoma","Primary","G-CIMP-high","24.3","0","Mutant","Male","low"
"TCGA.HT.7478","10.1233089854848","Astrocytoma","Primary","G-CIMP-high","6.4","0","Mutant","Male","high"
"TCGA.HT.7479","6.62414769662779","Astrocytoma","Primary","G-CIMP-high","40.3","0","Mutant","Male","low"
"TCGA.HT.7480","4.0451371345284","Oligodendroglioma","Primary","Codel","75.2","0","Mutant","Male","low"
"TCGA.HT.7481","5.75234986873039","Oligodendroglioma","Primary","Codel","95.9","0","Mutant","Male","low"
"TCGA.HT.7482","7.80587282236988","Oligoastrocytoma","Primary","G-CIMP-high","107","0","Mutant","Female","low"
"TCGA.HT.7483","6.31866210672506","Oligoastrocytoma","Primary","G-CIMP-high","172.8","0","Mutant","Male","low"
"TCGA.HT.7485","6.22190993951272","Astrocytoma","Primary","G-CIMP-high","4","0","Mutant","Male","low"
"TCGA.HT.7601","10.0437902743135","Astrocytoma","Primary","G-CIMP-high","5","0","Mutant","Female","high"
"TCGA.HT.7602","7.0323091635192","Oligodendroglioma","Primary","G-CIMP-high","29.9","0","Mutant","Male","low"
"TCGA.HT.7603","6.05161789582936","Oligodendroglioma","Primary","G-CIMP-high","23.2","0","Mutant","Male","low"
"TCGA.HT.7604","5.88595743786852","Astrocytoma","Primary","G-CIMP-high","122.5","0","Mutant","Male","low"
"TCGA.HT.7605","5.7785897045875","Oligodendroglioma","Primary","Codel","4.6","0","Mutant","Male","low"
"TCGA.HT.7606","7.16080525513525","Astrocytoma","Primary","G-CIMP-high","17.3","0","Mutant","Female","low"
"TCGA.HT.7607","6.93528883018053","Astrocytoma","Primary","Codel","3.2","1","Mutant","Female","low"
"TCGA.HT.7608","7.20374637164293","Oligoastrocytoma","Primary","Codel","22.1","0","Mutant","Male","low"
"TCGA.HT.7609","8.24238623788796","Oligoastrocytoma","Primary","G-CIMP-high","46","0","Mutant","Male","high"
"TCGA.HT.7610","6.34649423116538","Oligoastrocytoma","Primary","G-CIMP-high","56.1","0","Mutant","Female","low"
"TCGA.HT.7611","7.23216954294798","Oligoastrocytoma","Primary","G-CIMP-high","57.6","0","Mutant","Male","low"
"TCGA.HT.7616","8.41909935875806","Oligodendroglioma","Primary","Codel","0.2","1","Mutant","Male","high"
"TCGA.HT.7620","6.29419430975932","Oligodendroglioma","Primary","Codel","14.3","0","Mutant","Male","low"
"TCGA.HT.7676","8.30115777357175","Oligodendroglioma","Primary","G-CIMP-high","0.2","0","Mutant","Male","high"
"TCGA.HT.7677","5.98061258978867","Oligodendroglioma","Primary","Codel","16.2","0","Mutant","Male","low"
"TCGA.HT.7680","9.35693938894483","Astrocytoma","Primary","PA-like","0.8","0","Wild_type","Female","high"
"TCGA.HT.7681","6.48964408259035","Oligoastrocytoma","Primary","Codel","44.7","0","Mutant","Female","low"
"TCGA.HT.7684","9.99269961338978","Oligoastrocytoma","Primary","G-CIMP-high","6","0","Mutant","Male","high"
"TCGA.HT.7686","9.56343330098428","Astrocytoma","Primary","G-CIMP-high","42.7","0","Mutant","Female","high"
"TCGA.HT.7687","6.98990307905832","Oligodendroglioma","","Codel","0.1","0","Mutant","Male","low"
"TCGA.HT.7688","6.13852984924913","Oligodendroglioma","Primary","G-CIMP-high","31.7","0","Mutant","Male","low"
"TCGA.HT.7689","7.44954404236046","Oligodendroglioma","Primary","G-CIMP-high","15","0","Mutant","Female","low"
"TCGA.HT.7690","8.46617477957445","Oligoastrocytoma","Primary","G-CIMP-high","0.1","0","Mutant","Male","high"
"TCGA.HT.7691","10.1526837468449","Astrocytoma","Primary","PA-like","0.1","0","Wild_type","Female","high"
"TCGA.HT.7692","6.92937796241071","Oligoastrocytoma","Primary","Codel","3","0","Mutant","Male","low"
"TCGA.HT.7693","9.80982712127364","Oligodendroglioma","Primary","G-CIMP-high","17.5","0","Mutant","Female","high"
"TCGA.HT.7694","6.89760952431835","Oligodendroglioma","Primary","Codel","6.9","0","Mutant","Male","low"
"TCGA.HT.7695","4.7074806170745","Oligodendroglioma","Primary","Codel","14.5","0","Mutant","Female","low"
"TCGA.HT.7854","10.6772795437262","Astrocytoma","Primary","PA-like","39.5","0","Wild_type","Male","high"
"TCGA.HT.7855","7.06690720345442","Astrocytoma","Primary","G-CIMP-high","19.2","0","Mutant","Male","low"
"TCGA.HT.7856","7.18028314726711","Oligodendroglioma","Primary","Codel","39.1","0","Mutant","Male","low"
"TCGA.HT.7857","10.5725476129191","Astrocytoma","Primary","PA-like","0.2","0","Wild_type","Female","high"
"TCGA.HT.7858","7.94527292688289","Astrocytoma","Primary","G-CIMP-high","50.6","0","Mutant","Male","low"
"TCGA.HT.7860","9.29135652213433","Astrocytoma","Primary","Classic-like","0.5","0","Wild_type","Female","high"
"TCGA.HT.7873","8.34696663728542","Oligoastrocytoma","Primary","G-CIMP-high","23.6","0","Mutant","Male","high"
"TCGA.HT.7874","5.89436184813825","Oligodendroglioma","Primary","Codel","37.1","0","Mutant","Female","low"
"TCGA.HT.7875","4.4890162147102","Oligodendroglioma","Primary","Codel","0.3","0","Mutant","Male","low"
"TCGA.HT.7877","7.85863441286157","Oligodendroglioma","Primary","Codel","0.1","0","Mutant","Female","low"
"TCGA.HT.7879","8.17473347675979","Oligoastrocytoma","Primary","G-CIMP-high","3.7","0","Mutant","Male","low"
"TCGA.HT.7880","6.11572411909653","Oligoastrocytoma","Primary","G-CIMP-high","5.3","0","Mutant","Male","low"
"TCGA.HT.7881","6.09942987203515","Oligodendroglioma","Primary","Codel","35.5","0","Mutant","Male","low"
"TCGA.HT.7882","10.9034098807673","Oligodendroglioma","Primary","Mesenchymal-like","3.7","1","Wild_type","Male","high"
"TCGA.HT.7884","7.05765496439094","Astrocytoma","Primary","G-CIMP-high","11.3","0","Mutant","Female","low"
"TCGA.HT.7902","6.93385350213375","Oligoastrocytoma","Primary","G-CIMP-high","31.4","0","Mutant","Female","low"
"TCGA.HT.8010","6.72908638863356","Oligodendroglioma","Primary","Codel","1.6","0","Mutant","Female","low"
"TCGA.HT.8011","6.01542397337192","Astrocytoma","Primary","Mesenchymal-like","16.2","0","Wild_type","Male","low"
"TCGA.HT.8012","6.34762136856813","Oligodendroglioma","Primary","Codel","9.4","0","Mutant","Female","low"
"TCGA.HT.8013","10.3064686862549","Oligoastrocytoma","Primary","G-CIMP-high","63.5","1","Mutant","Female","high"
"TCGA.HT.8015","7.38992038702815","Astrocytoma","Primary","PA-like","0.1","0","Wild_type","Male","low"
"TCGA.HT.8018","9.11881106862602","Oligoastrocytoma","Primary","G-CIMP-high","37.9","1","Mutant","Female","high"
"TCGA.HT.8019","5.57521247627476","Oligodendroglioma","Primary","PA-like","33","0","Wild_type","Female","low"
"TCGA.HT.8104","8.20194010733202","Astrocytoma","Primary","Classic-like","12.2","0","Wild_type","Female","low"
"TCGA.HT.8105","7.38321784082624","Oligodendroglioma","Primary","Codel","6.2","0","Mutant","Male","low"
"TCGA.HT.8106","11.8074732632814","Astrocytoma","Primary","G-CIMP-high","0.1","0","Mutant","Male","high"
"TCGA.HT.8107","7.53853040384645","Oligodendroglioma","Primary","PA-like","0.5","0","Wild_type","Male","low"
"TCGA.HT.8108","7.9947069952581","Oligodendroglioma","Primary","G-CIMP-high","2.5","0","Mutant","Female","low"
"TCGA.HT.8109","6.52499923048265","Oligodendroglioma","Primary","Codel","5.6","0","Mutant","Male","low"
"TCGA.HT.8110","10.6321817711895","Astrocytoma","Primary","Mesenchymal-like","13.8","0","Wild_type","Male","high"
"TCGA.HT.8111","8.64667714488598","Oligoastrocytoma","Primary","G-CIMP-high","0.2","0","Mutant","Male","high"
"TCGA.HT.8113","5.91539660755481","Oligodendroglioma","Primary","Codel","29.6","0","Mutant","Female","low"
"TCGA.HT.8114","8.64248425602351","Oligoastrocytoma","Primary","G-CIMP-high","34.2","0","Mutant","Male","high"
"TCGA.HT.8558","6.07587486697513","Oligodendroglioma","","PA-like","13.7","0","Wild_type","Female","low"
"TCGA.HT.8563","11.4680506689783","Astrocytoma","Primary","G-CIMP-high","28.3","0","Mutant","Female","high"
"TCGA.HT.8564","6.59627474962766","Astrocytoma","Primary","PA-like","15.7","0","Wild_type","Male","low"
"TCGA.HT.A4DS","10.2223619086577","Astrocytoma","Primary","Mesenchymal-like","0.2","0","Wild_type","Female","high"
"TCGA.HT.A4DV","7.61249994573944","Oligodendroglioma","Primary","Codel","26","0","Mutant","Female","low"
"TCGA.HT.A5R5","10.0959169059423","Oligodendroglioma","Primary","G-CIMP-high","0.1","0","Mutant","Female","high"
"TCGA.HT.A5R7","8.30596368311883","Astrocytoma","Primary","G-CIMP-high","20.2","0","Mutant","Female","high"
"TCGA.HT.A5R9","5.68467289009167","Oligodendroglioma","Primary","Codel","0.1","0","Mutant","Female","low"
"TCGA.HT.A5RA","8.59134319068394","Astrocytoma","Primary","Mesenchymal-like","27.4","0","Wild_type","Female","high"
"TCGA.HT.A5RB","5.73423541717007","Astrocytoma","Primary","G-CIMP-high","0.1","0","Mutant","Male","low"
"TCGA.HT.A5RC","9.34032458929601","Astrocytoma","Primary","Classic-like","5.3","1","Wild_type","Female","high"
"TCGA.HT.A614","7.41137878787219","Oligoastrocytoma","Primary","G-CIMP-high","2.7","0","Mutant","Male","low"
"TCGA.HT.A615","7.00230534207772","Oligodendroglioma","Primary","Codel","16.9","0","Mutant","Female","low"
"TCGA.HT.A616","7.55545344218987","Astrocytoma","Primary","G-CIMP-high","1.8","0","Mutant","Female","low"
"TCGA.HT.A617","9.07094257692619","Oligodendroglioma","Primary","Classic-like","16.1","0","Wild_type","Male","high"
"TCGA.HT.A618","9.65248846679125","Astrocytoma","Primary","G-CIMP-high","16.8","0","Mutant","Female","high"
"TCGA.HT.A619","4.18245394714956","Oligodendroglioma","","Codel","21.4","0","Mutant","Female","low"
"TCGA.HT.A61A","5.88419494548435","Oligodendroglioma","","G-CIMP-high","6.4","0","Mutant","Female","low"
"TCGA.HT.A61B","10.8064759145776","Astrocytoma","Primary","G-CIMP-high","17.5","0","Mutant","","high"
"TCGA.HT.A61C","10.1774574113516","Oligodendroglioma","Primary","Mesenchymal-like","17.6","1","Wild_type","Male","high"
"TCGA.HT.A74H","8.6677342686171","Astrocytoma","Primary","Mesenchymal-like","2.4","0","Wild_type","Male","high"
"TCGA.HT.A74J","8.11601327323429","Oligoastrocytoma","Primary","G-CIMP-high","10.5","0","Mutant","Male","low"
"TCGA.HT.A74K","8.69663306032738","Oligodendroglioma","Primary","Codel","15.3","0","Mutant","","high"
"TCGA.HT.A74L","9.33275715626693","Oligoastrocytoma","Primary","Codel","11.1","0","Mutant","","high"
"TCGA.HT.A74O","9.64716697981577","Astrocytoma","Primary","G-CIMP-high","0.1","0","Mutant","Male","high"
"TCGA.HW.7486","6.72367186482786","Oligodendroglioma","Primary","Codel","56.6","0","Mutant","Male","low"
"TCGA.HW.7487","6.65461311706003","Oligodendroglioma","Primary","Codel","13.4","0","Mutant","Male","low"
"TCGA.HW.7489","6.45772888983898","Oligoastrocytoma","Primary","G-CIMP-high","41.5","1","Mutant","Male","low"
"TCGA.HW.7490","7.75235923596327","Astrocytoma","Primary","G-CIMP-high","45.6","0","Mutant","Male","low"
"TCGA.HW.7491","5.67938720102898","Oligodendroglioma","Primary","Codel","68.3","0","Mutant","Male","low"
"TCGA.HW.7493","7.32011547270148","Astrocytoma","Primary","","69.3","0","","Female","low"
"TCGA.HW.7495","7.09106931056344","Oligodendroglioma","Primary","Codel","35.4","0","Mutant","Female","low"
"TCGA.HW.8319","6.53813925669412","Astrocytoma","Primary","G-CIMP-high","39.8","1","Mutant","Female","low"
"TCGA.HW.8320","6.97066387409578","Astrocytoma","Primary","G-CIMP-high","40","0","Mutant","Male","low"
"TCGA.HW.8321","8.1596695471367","Astrocytoma","Primary","G-CIMP-high","42.5","0","Mutant","Male","low"
"TCGA.HW.8322","6.44209089309987","Oligodendroglioma","Primary","Codel","6.2","0","Mutant","Male","low"
"TCGA.HW.A5KJ","5.25897487694821","Oligodendroglioma","Primary","Codel","10.6","0","Mutant","Male","low"
"TCGA.HW.A5KK","10.8020725833313","Astrocytoma","Primary","Mesenchymal-like","12.8","1","Wild_type","Male","high"
"TCGA.HW.A5KL","6.99635597809602","Astrocytoma","Primary","G-CIMP-high","20.8","0","Mutant","Female","low"
"TCGA.HW.A5KM","8.81010662000164","Astrocytoma","Primary","G-CIMP-high","20.7","0","Mutant","Male","high"
"TCGA.IK.7675","7.09488315250389","Oligodendroglioma","Primary","G-CIMP-high","19","1","Mutant","Male","low"
"TCGA.IK.8125","5.7848651349564","Oligoastrocytoma","Primary","Codel","42.8","0","Mutant","Male","low"
"TCGA.KT.A74X","6.57296695358479","Oligoastrocytoma","Primary","Codel","14.4","0","Mutant","Male","low"
"TCGA.KT.A7W1","8.74459975889581","Astrocytoma","Primary","Classic-like","14.4","0","Wild_type","Female","high"
"TCGA.P5.A5ET","4.98756190139554","Oligodendroglioma","Primary","Codel","-0.3","0","Mutant","Male","low"
"TCGA.P5.A5EU","10.0997403226091","Astrocytoma","Primary","G-CIMP-low","0","0","Mutant","Male","high"
"TCGA.P5.A5EV","5.87954894308078","Astrocytoma","Primary","G-CIMP-high","0.2","0","Mutant","Male","low"
"TCGA.P5.A5EW","6.76774350748479","Astrocytoma","Primary","G-CIMP-high","6.7","0","Mutant","Female","low"
"TCGA.P5.A5EX","8.82807902918814","Oligodendroglioma","Primary","Codel","8","0","Mutant","Female","high"
"TCGA.P5.A5EY","5.92372205535365","Astrocytoma","Primary","PA-like","2.4","0","Wild_type","Male","low"
"TCGA.P5.A5EZ","7.37641194583493","Astrocytoma","Primary","G-CIMP-high","2.3","0","Mutant","Male","low"
"TCGA.P5.A5F0","4.7389191227297","Oligodendroglioma","Primary","Codel","4.1","0","Mutant","Male","low"
"TCGA.P5.A5F1","7.97383337927697","Astrocytoma","Primary","G-CIMP-high","5.9","0","Mutant","Male","low"
"TCGA.P5.A5F2","8.08314261487672","Astrocytoma","Primary","G-CIMP-high","7.6","0","Mutant","Female","low"
"TCGA.P5.A5F4","5.80813531202005","Oligodendroglioma","Primary","G-CIMP-high","0.8","0","Mutant","Female","low"
"TCGA.P5.A5F6","7.50509220998731","Oligodendroglioma","Primary","PA-like","1.3","0","Wild_type","Male","low"
"TCGA.P5.A72U","10.0970551688382","Oligodendroglioma","Primary","Classic-like","0.2","0","Wild_type","Female","high"
"TCGA.P5.A72W","6.86355939592501","Astrocytoma","Primary","G-CIMP-high","10.4","0","Mutant","Male","low"
"TCGA.P5.A72X","6.43138059600524","Astrocytoma","Primary","G-CIMP-high","13.2","0","Mutant","Male","low"
"TCGA.P5.A72Z","4.6603239835354","Oligodendroglioma","Primary","Codel","11.6","0","Mutant","Female","low"
"TCGA.P5.A730","3.92920395511958","Oligoastrocytoma","Primary","Codel","10.9","0","Mutant","Male","low"
"TCGA.P5.A731","8.40824651004342","Oligoastrocytoma","Primary","G-CIMP-high","9","0","Mutant","Female","high"
"TCGA.P5.A733","5.51674009564285","Astrocytoma","Primary","G-CIMP-high","13.6","0","Mutant","Female","low"
"TCGA.P5.A735","5.89896772043718","Astrocytoma","","G-CIMP-high","9.6","0","Mutant","","low"
"TCGA.P5.A736","8.75435307169213","Astrocytoma","","G-CIMP-high","7.6","0","Mutant","","high"
"TCGA.P5.A737","6.43984251689667","Oligoastrocytoma","","Codel","12.2","0","Mutant","","low"
"TCGA.P5.A77W","4.3865488652521","Oligoastrocytoma","","Codel","19.2","0","Mutant","","low"
"TCGA.P5.A77X","4.84021143265747","Oligoastrocytoma","","Codel","3.5","0","Mutant","","low"
"TCGA.P5.A780","8.68750761094807","Astrocytoma","","G-CIMP-high","2.4","0","Mutant","","high"
"TCGA.P5.A781","5.00470362502843","Astrocytoma","","Codel","4.4","0","Mutant","","low"
"TCGA.QH.A65R","6.70249686564108","Oligodendroglioma","Primary","Codel","15.2","0","Mutant","Female","low"
"TCGA.QH.A65S","8.68136738751795","Oligoastrocytoma","Primary","G-CIMP-high","2.5","0","Mutant","Female","high"
"TCGA.QH.A65V","8.17084793080746","Oligodendroglioma","Primary","Codel","12.6","0","Mutant","Female","low"
"TCGA.QH.A65X","5.0758663120693","Oligoastrocytoma","Primary","Codel","15.8","0","Mutant","Female","low"
"TCGA.QH.A65Z","6.60189110081515","Oligodendroglioma","Primary","Codel","14","0","Mutant","Male","low"
"TCGA.QH.A6CS","8.47958142512837","Astrocytoma","","PA-like","19.3","0","Wild_type","Male","high"
"TCGA.QH.A6CU","8.98555621525618","Oligodendroglioma","Primary","Codel","14.8","0","Mutant","Female","high"
"TCGA.QH.A6CV","10.004680313527","Oligoastrocytoma","Primary","Classic-like","14.5","0","Wild_type","Male","high"
"TCGA.QH.A6CW","9.45650596713939","Oligoastrocytoma","Primary","G-CIMP-high","13.6","0","Mutant","Male","high"
"TCGA.QH.A6CX","9.32053228869567","Astrocytoma","Primary","Mesenchymal-like","12.2","1","Wild_type","Male","high"
"TCGA.QH.A6CY","6.21961384750837","Oligoastrocytoma","Primary","Codel","2.2","0","Mutant","Male","low"
"TCGA.QH.A6CZ","5.45758115967356","Oligoastrocytoma","Primary","Codel","9.2","0","Mutant","Male","low"
"TCGA.QH.A6X3","5.94328608217725","Oligoastrocytoma","Primary","G-CIMP-high","10.3","0","Mutant","Male","low"
"TCGA.QH.A6X4","7.60999129521268","Oligoastrocytoma","Primary","Codel","14.5","0","Mutant","Male","low"
"TCGA.QH.A6X5","7.45743916031233","Oligoastrocytoma","Primary","Codel","16.3","0","Mutant","Female","low"
"TCGA.QH.A6X8","8.51162023595395","Oligodendroglioma","Primary","Codel","16.7","0","Mutant","Female","high"
"TCGA.QH.A6X9","7.01430842248202","Oligodendroglioma","Primary","G-CIMP-high","1.9","0","Mutant","Female","low"
"TCGA.QH.A6XA","7.83708544092159","Oligoastrocytoma","Primary","G-CIMP-high","16.5","0","Mutant","Female","low"
"TCGA.QH.A6XC","8.68661642836699","Astrocytoma","Primary","Classic-like","5","0","Wild_type","Male","high"
"TCGA.QH.A86X","5.84000744145456","Oligodendroglioma","Primary","Codel","11.1","0","Mutant","Male","low"
"TCGA.QH.A870","7.08472655305754","Oligoastrocytoma","Primary","G-CIMP-high","13","0","Mutant","Female","low"
"TCGA.R8.A6MK","7.60609868841314","Oligodendroglioma","Primary","Codel","88.8","0","Mutant","Male","low"
"TCGA.R8.A6ML","5.31876874268273","Oligodendroglioma","Primary","Codel","94","0","Mutant","Male","low"
"TCGA.R8.A6MO","9.54066722865094","Oligodendroglioma","Primary","Codel","32.6","0","Mutant","Female","high"
"TCGA.R8.A73M","6.04053960211495","Oligodendroglioma","Primary","Codel","59.4","0","Mutant","Female","low"
"TCGA.RY.A83X","7.15639257135018","Oligodendroglioma","Primary","Codel","30.9","0","Mutant","","low"
"TCGA.RY.A83Y","7.11862447540673","Oligodendroglioma","Primary","Codel","5.5","0","Mutant","","low"
"TCGA.RY.A83Z","9.31129693397625","Astrocytoma","Primary","G-CIMP-low","9.9","0","Mutant","","high"
"TCGA.RY.A840","5.53695430298174","Oligodendroglioma","Primary","Codel","28.1","0","Mutant","","low"
"TCGA.RY.A843","8.83030952310478","Astrocytoma","Primary","G-CIMP-high","2.1","0","Mutant","","high"
"TCGA.RY.A845","7.95996774732275","Oligoastrocytoma","Primary","G-CIMP-high","19.6","0","Mutant","","low"
"TCGA.RY.A847","7.02002319406927","Oligodendroglioma","Primary","Codel","30.7","0","Mutant","","low"
"TCGA.S9.A6TS","8.52271490817942","Astrocytoma","Primary","G-CIMP-high","62.2","1","Mutant","Female","high"
"TCGA.S9.A6TU","8.62952820314962","Astrocytoma","Primary","G-CIMP-high","87.1","0","Mutant","Male","high"
"TCGA.S9.A6TV","10.4149361266664","Oligoastrocytoma","Primary","G-CIMP-high","18.8","0","Mutant","Male","high"
"TCGA.S9.A6TW","5.9640312111226","Oligodendroglioma","Primary","Codel","41.1","0","Mutant","Male","low"
"TCGA.S9.A6TX","7.28700955819178","Oligodendroglioma","Primary","Codel","28.1","0","Mutant","Male","low"
"TCGA.S9.A6TY","4.06583077417367","Oligodendroglioma","Primary","Codel","35.4","0","Mutant","Male","low"
"TCGA.S9.A6TZ","7.55139373712005","Astrocytoma","Primary","G-CIMP-high","36.8","0","Mutant","Female","low"
"TCGA.S9.A6U0","9.38150466626547","Astrocytoma","Primary","Mesenchymal-like","24.4","1","Wild_type","Male","high"
"TCGA.S9.A6U1","6.40253800867036","Astrocytoma","Primary","G-CIMP-high","25.8","0","Mutant","Female","low"
"TCGA.S9.A6U2","7.63514709546101","Oligodendroglioma","Primary","Codel","29.9","0","Mutant","Female","low"
"TCGA.S9.A6U5","7.15678187443626","Astrocytoma","Primary","Codel","32.6","0","Mutant","Male","low"
"TCGA.S9.A6U6","9.33622312551968","Astrocytoma","Primary","G-CIMP-high","35.1","0","Mutant","Male","high"
"TCGA.S9.A6U8","8.13501200738453","Astrocytoma","Primary","G-CIMP-high","98.2","1","Mutant","Male","low"
"TCGA.S9.A6U9","10.4797498539602","Astrocytoma","Primary","G-CIMP-high","95.9","0","Mutant","Male","high"
"TCGA.S9.A6UA","11.0565407193973","Astrocytoma","Primary","PA-like","5.8","1","Wild_type","Male","high"
"TCGA.S9.A6UB","5.78322614000566","Oligodendroglioma","Primary","Codel","123.7","0","Mutant","Male","low"
"TCGA.S9.A6WD","6.03093413425393","Oligodendroglioma","Primary","Codel","75.2","0","Mutant","Male","low"
"TCGA.S9.A6WE","7.12782515861122","Oligodendroglioma","Primary","Codel","135.2","0","Mutant","Male","low"
"TCGA.S9.A6WG","9.39424166451655","Astrocytoma","Primary","G-CIMP-high","85.5","0","Mutant","Male","high"
"TCGA.S9.A6WH","6.60180495221009","Oligoastrocytoma","Primary","Codel","38.6","0","Mutant","Female","low"
"TCGA.S9.A6WI","6.15195417623702","Oligoastrocytoma","Primary","G-CIMP-high","85","0","Mutant","Female","low"
"TCGA.S9.A6WL","6.70939955067571","Astrocytoma","Primary","Codel","31.1","0","Mutant","Male","low"
"TCGA.S9.A6WM","6.44665820931239","Astrocytoma","Primary","Mesenchymal-like","19.9","0","Wild_type","Female","low"
"TCGA.S9.A6WN","11.3217583428126","Astrocytoma","Primary","Codel","26.5","0","Mutant","Female","high"
"TCGA.S9.A6WO","6.60063400943078","Astrocytoma","Primary","G-CIMP-high","18.6","0","Mutant","Male","low"
"TCGA.S9.A6WP","7.43008618606242","Oligoastrocytoma","Primary","Codel","18.6","0","Mutant","Male","low"
"TCGA.S9.A6WQ","8.55844022970087","Oligoastrocytoma","Primary","G-CIMP-high","14.1","0","Mutant","Female","high"
"TCGA.S9.A7IQ","4.9915807997962","Oligoastrocytoma","Primary","Codel","36.1","0","Mutant","Female","low"
"TCGA.S9.A7IS","8.48389516360604","Astrocytoma","Primary","G-CIMP-low","7.9","1","Mutant","Female","high"
"TCGA.S9.A7IX","8.55165751169533","Astrocytoma","Primary","Mesenchymal-like","26.9","1","Wild_type","Male","high"
"TCGA.S9.A7IY","8.42351010186767","Oligoastrocytoma","Primary","Codel","23.5","0","Mutant","Male","high"
"TCGA.S9.A7IZ","7.95562259340599","Astrocytoma","Primary","G-CIMP-high","20","0","Mutant","Female","low"
"TCGA.S9.A7J0","7.52767717099804","Oligodendroglioma","Primary","G-CIMP-high","20","0","Mutant","Female","low"
"TCGA.S9.A7J1","6.61634005140149","Oligodendroglioma","Primary","Codel","8.2","0","Mutant","Male","low"
"TCGA.S9.A7J2","6.34464388838019","Oligodendroglioma","Primary","Codel","2","0","Mutant","Male","low"
"TCGA.S9.A7J3","8.7287113382075","Oligodendroglioma","Primary","Codel","20.7","0","Mutant","Female","high"
"TCGA.S9.A7QW","7.11503844656336","Astrocytoma","Primary","G-CIMP-high","15.1","0","Mutant","Female","low"
"TCGA.S9.A7QX","8.85850325568712","Astrocytoma","Primary","G-CIMP-high","18.5","0","Mutant","Female","high"
"TCGA.S9.A7QY","5.42055987734621","Oligoastrocytoma","Primary","Codel","28.4","0","Mutant","Female","low"
"TCGA.S9.A7QZ","5.66289762210382","Oligodendroglioma","Primary","Codel","27.2","0","Mutant","Male","low"
"TCGA.S9.A7R1","6.14071936012523","Oligodendroglioma","Primary","Codel","169.8","1","Mutant","Male","low"
"TCGA.S9.A7R2","9.38225287660771","Astrocytoma","Primary","Mesenchymal-like","10.4","1","Wild_type","Male","high"
"TCGA.S9.A7R3","8.14370207685793","Astrocytoma","Primary","G-CIMP-high","99.1","0","Mutant","Female","low"
"TCGA.S9.A7R4","9.01491287924624","Astrocytoma","Primary","G-CIMP-high","30.1","0","Mutant","Male","high"
"TCGA.S9.A7R7","10.2988613864399","Astrocytoma","Primary","G-CIMP-high","98.6","0","Mutant","Male","high"
"TCGA.S9.A7R8","10.5139023468538","Astrocytoma","Primary","G-CIMP-high","31.6","1","Mutant","Female","high"
"TCGA.S9.A89V","7.86448889309016","Astrocytoma","Primary","PA-like","18.7","0","Wild_type","Male","low"
"TCGA.S9.A89Z","9.19275884066841","Astrocytoma","Primary","G-CIMP-high","20.5","0","Mutant","Male","high"
"TCGA.TM.A7C3","7.62631866371103","Astrocytoma","Primary","Classic-like","54.8","1","Wild_type","Female","low"
"TCGA.TM.A7C4","4.76892533556375","Astrocytoma","Primary","G-CIMP-high","48.3","0","Mutant","Female","low"
"TCGA.TM.A7C5","5.64663214803296","Oligoastrocytoma","Primary","Codel","49.3","0","Mutant","Male","low"
"TCGA.TM.A7CA","5.95906300573111","Astrocytoma","Primary","G-CIMP-high","34.8","0","Mutant","Male","low"
"TCGA.TM.A7CF","4.86811878000244","Astrocytoma","Primary","G-CIMP-high","65.4","0","Mutant","Female","low"
"TCGA.TM.A84B","6.71546785549742","Astrocytoma","Primary","Mesenchymal-like","24.9","1","Wild_type","Male","low"
"TCGA.TM.A84C","9.62944824287793","Astrocytoma","Primary","PA-like","16.2","1","Wild_type","Male","high"
"TCGA.TM.A84F","9.23682885725079","Astrocytoma","Primary","G-CIMP-high","59","0","Mutant","Male","high"
"TCGA.TM.A84G","5.03162456937541","Oligodendroglioma","Primary","Codel","40.6","0","Mutant","Female","low"
"TCGA.TM.A84H","7.34225249309993","Oligoastrocytoma","Primary","G-CIMP-high","30.4","0","Mutant","Female","low"
"TCGA.TM.A84I","8.31581255135175","Astrocytoma","Primary","G-CIMP-low","28.1","0","Mutant","Male","high"
"TCGA.TM.A84J","8.27831377810404","Oligodendroglioma","Primary","PA-like","24.2","0","Wild_type","Male","high"
"TCGA.TM.A84L","8.64042029075172","Oligoastrocytoma","Primary","G-CIMP-high","40.8","1","Mutant","Male","high"
"TCGA.TM.A84M","4.22530578272702","Oligodendroglioma","Primary","Codel","24.8","0","Mutant","Male","low"
"TCGA.TM.A84O","7.64548839690597","Oligodendroglioma","Primary","Codel","33.2","1","Mutant","Female","low"
"TCGA.TM.A84Q","9.46584981451098","Astrocytoma","Primary","G-CIMP-high","25.4","0","Mutant","Male","high"
"TCGA.TM.A84R","5.07723872554035","Oligodendroglioma","Primary","Codel","18.6","0","Mutant","Male","low"
"TCGA.TM.A84S","7.0976265970843","Oligodendroglioma","Primary","Codel","14.9","0","Mutant","Male","low"
"TCGA.TM.A84T","7.10567388790518","Oligoastrocytoma","Primary","G-CIMP-high","23.8","0","Mutant","Male","low"
"TCGA.TQ.A7RF","7.86357116545494","Oligodendroglioma","","G-CIMP-high","21.4","0","Mutant","","low"
"TCGA.TQ.A7RG","6.62054095897752","Oligoastrocytoma","","Codel","19.7","0","Mutant","","low"
"TCGA.TQ.A7RH","7.80430594138684","Oligoastrocytoma","Primary","G-CIMP-high","16","0","Mutant","","low"
"TCGA.TQ.A7RI","9.0104648860662","Oligodendroglioma","","Codel","2","0","Mutant","","high"
"TCGA.TQ.A7RJ","8.39767634407554","Oligoastrocytoma","","G-CIMP-high","40.4","0","Mutant","","high"
"TCGA.TQ.A7RK","5.20443811674305","Oligoastrocytoma","","G-CIMP-high","44.1","0","Mutant","","low"
"TCGA.TQ.A7RM","6.09000652990382","Oligoastrocytoma","","G-CIMP-high","36.7","0","Mutant","","low"
"TCGA.TQ.A7RN","7.12466209183008","Oligodendroglioma","","Codel","33.7","0","Mutant","","low"
"TCGA.TQ.A7RO","8.05342852068","Oligoastrocytoma","","Codel","31.2","0","Mutant","","low"
"TCGA.TQ.A7RP","9.89631060436582","Oligoastrocytoma","","Mesenchymal-like","30.1","0","Wild_type","","high"
"TCGA.TQ.A7RQ","6.40159804380631","Oligodendroglioma","","Codel","26.1","0","Mutant","","low"
"TCGA.TQ.A7RR","8.87838847307291","Oligoastrocytoma","","G-CIMP-high","25.9","0","Mutant","","high"
"TCGA.TQ.A7RS","7.22293204292436","Oligodendroglioma","","Codel","0","0","Mutant","","low"
"TCGA.TQ.A7RU","4.94858683160558","Oligodendroglioma","","Codel","33.9","0","Mutant","","low"
"TCGA.TQ.A7RV","6.52586216085956","Astrocytoma","","G-CIMP-high","61.4","0","Mutant","","low"
"TCGA.TQ.A7RW","9.59513120513516","Oligodendroglioma","Primary","G-CIMP-high","27","1","Mutant","","high"
"TCGA.TQ.A8XE","8.18006578803507","Oligodendroglioma","","G-CIMP-high","31.4","1","Mutant","","low"
"TCGA.VM.A8C8","7.90308648772428","Oligodendroglioma","Primary","G-CIMP-high","43","0","Mutant","Female","low"
"TCGA.VM.A8C9","9.56768461792599","Astrocytoma","Primary","PA-like","43.2","0","Wild_type","Female","high"
"TCGA.VM.A8CA","8.22259737896308","Oligodendroglioma","Primary","Codel","13.5","0","Mutant","Male","high"
"TCGA.VM.A8CB","6.87161574579063","Oligodendroglioma","Primary","Codel","0.1","0","Mutant","Male","low"
"TCGA.VM.A8CD","9.54244534029172","Astrocytoma","Primary","Mesenchymal-like","7.9","1","Wild_type","Male","high"
"TCGA.VM.A8CE","7.3094899962829","Oligodendroglioma","Primary","Codel","39.2","0","Mutant","Male","low"
"TCGA.VM.A8CF","9.79312677546942","Astrocytoma","","G-CIMP-high","20","0","Mutant","","high"
"TCGA.VM.A8CH","9.33123092133061","Astrocytoma","Primary","G-CIMP-high","23.5","0","Mutant","Female","high"
"TCGA.VV.A829","6.56601140380906","Oligoastrocytoma","Primary","Codel","37","0","Mutant","Male","low"
"TCGA.VV.A86M","8.42497246076148","Astrocytoma","Primary","G-CIMP-high","16","0","Mutant","Female","high"
"TCGA.VW.A7QS","6.7857754649055","Oligodendroglioma","Primary","Codel","23.2","0","Mutant","Female","low"
"TCGA.VW.A8FI","10.3766280195968","Astrocytoma","Primary","Classic-like","8.1","1","Wild_type","Male","high"
"TCGA.W9.A837","5.51058221272409","Oligodendroglioma","Primary","Codel","51.1","0","Mutant","Male","low"
"TCGA.WH.A86K","7.25874691884226","Astrocytoma","Primary","G-CIMP-high","13.3","0","Mutant","Male","low"
"TCGA.WY.A858","10.5534310657105","Astrocytoma","Primary","G-CIMP-high","44","0","Mutant","Female","high"
"TCGA.WY.A859","6.8477789830333","Astrocytoma","Primary","G-CIMP-high","39.9","0","Mutant","","low"
"TCGA.WY.A85A","5.7212769506039","Astrocytoma","Primary","G-CIMP-high","43.4","0","Mutant","","low"
"TCGA.WY.A85B","8.18034133628697","Astrocytoma","Primary","G-CIMP-high","45.8","0","Mutant","","low"
"TCGA.WY.A85C","7.18156872678865","Astrocytoma","Primary","G-CIMP-high","46.9","0","Mutant","","low"
"TCGA.WY.A85D","8.08850364600704","Oligoastrocytoma","Primary","G-CIMP-high","37.7","0","Mutant","","low"
"TCGA.WY.A85E","7.75993544027848","Oligoastrocytoma","Primary","G-CIMP-high","20.8","0","Mutant","","low"